chunk_id,row,col,size
0,400,1600,400
1,400,2000,400
2,400,2400,400
3,400,2800,400
4,400,3200,400
5,400,3600,400
6,800,1600,400
7,800,2000,400
8,800,2400,400
9,800,2800,400
10,800,3200,400
11,800,3600,400
12,800,4000,400
13,800,4400,400
14,1200,800,400
15,1200,1200,400
16,1200,1600,400
17,1200,2000,400
18,1200,2400,400
19,1200,2800,400
20,1200,3200,400
21,1200,3600,400
22,1200,4000,400
23,1200,4400,400
24,1200,4800,400
25,1600,800,400
26,1600,1200,400
27,1600,1600,400
28,1600,2000,400
29,1600,2400,400
30,1600,2800,400
31,1600,3200,400
32,1600,3600,400
33,1600,4000,400
34,1600,4400,400
35,1600,4800,400
36,1600,5200,400
37,2000,400,400
38,2000,800,400
39,2000,1200,400
40,2000,1600,400
41,2000,2000,400
42,2000,2400,400
43,2000,2800,400
44,2000,3200,400
45,2000,3600,400
46,2000,4000,400
47,2000,4400,400
48,2000,4800,400
49,2000,5200,400
50,2000,5600,400
51,2400,400,400
52,2400,800,400
53,2400,1200,400
54,2400,1600,400
55,2400,2000,400
56,2400,2400,400
57,2400,2800,400
58,2400,3200,400
59,2400,3600,400
60,2400,4000,400
61,2400,4400,400
62,2400,4800,400
63,2400,5200,400
64,2400,5600,400
65,2800,400,400
66,2800,800,400
67,2800,1200,400
68,2800,1600,400
69,2800,2000,400
70,2800,2400,400
71,2800,2800,400
72,2800,3200,400
73,2800,3600,400
74,2800,4000,400
75,2800,4400,400
76,2800,4800,400
77,2800,5200,400
78,3200,400,400
79,3200,800,400
80,3200,1200,400
81,3200,1600,400
82,3200,2000,400
83,3200,2400,400
84,3200,2800,400
85,3200,3200,400
86,3200,3600,400
87,3200,4000,400
88,3200,4400,400
89,3200,4800,400
90,3200,5200,400
91,3600,800,400
92,3600,1200,400
93,3600,1600,400
94,3600,2000,400
95,3600,2400,400
96,3600,2800,400
97,3600,3200,400
98,3600,3600,400
99,3600,4000,400
100,3600,4400,400
101,3600,4800,400
102,3600,5200,400
103,4000,2400,400
104,4000,2800,400
105,4000,3200,400
106,4000,3600,400
107,4000,4000,400
108,4000,4400,400
109,4000,4800,400
110,4000,5200,400
111,4400,3600,400
112,4400,4000,400
113,4400,4400,400
114,4400,4800,400
