row,col,chunk_id,size_ly,pix_ly,flux_mad_std,s2_floor,s2_plateau,snr2,snr,floor_frac
400.0,1600.0,-1.0,,0.001599999999996271,,0.00013487276561108212,0.00040828367167808377,2.027176538037389,1.423789499201827,0.3303408266530536
400.0,2000.0,-1.0,,0.001599999999996271,,0.0001314035551427653,0.00040955128095634106,2.116744295931553,1.4549035349230386,0.3208476233694729
400.0,2400.0,-1.0,,0.001599999999996271,,0.00011636908772477564,0.00035119259671631206,2.0179199956170244,1.4205351088998204,0.3313540456514144
400.0,2800.0,-1.0,,0.001599999999996271,,0.00011022940070122455,0.0003221175883029742,1.9222474789286936,1.3864513979684587,0.34220236554592
400.0,3200.0,-1.0,,0.001599999999996271,,0.00012839389833577591,0.00037788683129049127,1.9431837196985877,1.3939812479723634,0.33976812025258496
400.0,3600.0,-1.0,,0.001599999999996271,,0.00015281914851881525,0.00047072068915923857,2.0802467735336383,1.4423060609779181,0.32464931335771086
800.0,1600.0,-1.0,,0.001599999999996271,,0.00013452239644053086,0.0004076729656133528,2.0305211355164587,1.424963555855538,0.32997625005165354
800.0,2000.0,-1.0,,0.001599999999996271,,0.00011705937207060983,0.0003461845320321185,1.9573414405751393,1.3990501923001688,0.338141543712153
800.0,2400.0,-1.0,,0.001599999999996271,,0.00012248915737346564,0.00037132032005545747,2.031454603963952,1.4252910593853987,0.3298746412670646
800.0,2800.0,-1.0,,0.001599999999996271,,0.00013093115102622913,0.00040224245660047783,2.072167726684825,1.439502596970504,0.32550306134460294
800.0,3200.0,-1.0,,0.001599999999996271,,0.00013011827274056045,0.0004015896139882923,2.086342951915844,1.4444178591792072,0.32400806248030567
800.0,3600.0,-1.0,,0.001599999999996271,,0.00012988265497438343,0.00044765774883425476,2.446632261425097,1.5641714296793356,0.29013829273057545
800.0,4000.0,-1.0,,0.001599999999996271,,0.00014508634198112018,0.0006414265657213036,3.4209989511264354,1.8495942666234764,0.22619322263019492
800.0,4400.0,-1.0,,0.001599999999996271,,0.00018673067004486716,0.0020120797646882163,9.775304154399269,3.126548281155957,0.09280480491975038
1200.0,800.0,-1.0,,0.001599999999996271,,0.0001708862195203758,0.0005354074191503359,2.133122264937788,1.460521230567289,0.3191704362101733
1200.0,1200.0,-1.0,,0.001599999999996271,,0.00015980789764182064,0.0007727160819709797,3.8352809427659045,1.9583873321602916,0.20681321557873622
1200.0,1600.0,-1.0,,0.001599999999996271,,0.00015007465730816505,0.0015871941478127335,9.576030465647312,3.0945161925004223,0.09455343413090239
1200.0,2000.0,-1.0,,0.001599999999996271,,0.00015459323635913863,0.0015863145972601798,9.261216044245176,3.043224612848216,0.09745433637573908
1200.0,2400.0,-1.0,,0.001599999999996271,,0.00012819163786676515,0.0006615833046266923,4.160892829174265,2.039826666453369,0.19376492267908588
1200.0,2800.0,-1.0,,0.001599999999996271,,0.00014225626316569133,0.0010825265473102409,6.609693402738834,2.570932399488332,0.13141133907446076
1200.0,3200.0,-1.0,,0.001599999999996271,,0.00012461607247970746,0.0005493428866455235,3.4082827817814487,1.8461535098093682,0.2268457014901131
1200.0,3600.0,-1.0,,0.001599999999996271,,0.0001242135325471657,0.0005369005492695681,3.3223998082954367,1.8227451298235409,0.23135296232449995
1200.0,4000.0,-1.0,,0.001599999999996271,,0.00011910697056754359,0.0006192028868037872,4.198712416689731,2.04907599095049,0.19235532182731274
1200.0,4400.0,-1.0,,0.001599999999996271,,0.00013725873115503693,0.0006264188670928241,3.5637815665458064,1.887798073562373,0.21911653426412145
1200.0,4800.0,-1.0,,0.001599999999996271,,0.00017653020055577787,0.00072968791893107,3.1335018973170663,1.7701700193249987,0.2419256177550252
1600.0,800.0,-1.0,,0.001599999999996271,,0.00014481477959668332,0.0006097990401651237,3.2108895367133496,1.7918955150101106,0.23747951383700086
1600.0,1200.0,-1.0,,0.001599999999996271,,0.00012430512829618618,0.0005158023849420052,3.14948596258221,1.774679115384584,0.24099370597164368
1600.0,1600.0,-1.0,,0.001599999999996271,,0.00014473088081175893,0.0013848360923954387,8.56835254942306,2.9271748409384535,0.10451119927226099
1600.0,2000.0,-1.0,,0.001599999999996271,,0.0002950850833293912,0.018517485720295865,61.75303892479569,7.858310182526246,0.015935483239280523
1600.0,2400.0,-1.0,,0.001599999999996271,,0.00021992023876684668,0.005267450260896516,22.951639423604483,4.7907869315598335,0.04175079552235134
1600.0,2800.0,-1.0,,0.001599999999996271,,0.0001900845912377716,0.0019640354972186606,9.332428759372203,3.054902414050603,0.09678266584639486
1600.0,3200.0,-1.0,,0.001599999999996271,,0.00011247264962213925,0.00045340103173955313,3.03121143907243,1.741037460559775,0.24806438836413333
1600.0,3600.0,-1.0,,0.001599999999996271,,0.0001297643548039669,0.0007510646552016416,4.787911914148257,2.188129775435693,0.17277388025818963
1600.0,4000.0,-1.0,,0.001599999999996271,,0.0001350603855217216,0.001265302868917807,8.3684233465653,2.8928227298894935,0.10674154689717615
1600.0,4400.0,-1.0,,0.001599999999996271,,0.00013307583512233898,0.0010594420173201356,6.961190071406817,2.6384067297152685,0.12560936129280112
1600.0,4800.0,-1.0,,0.001599999999996271,,0.00015365865292194208,0.0009305271065339724,5.055806743318751,2.2485121176722065,0.16513076496426835
1600.0,5200.0,-1.0,,0.001599999999996271,,0.00016997425866089737,0.0013598017011744975,7.000044900253595,2.6457597964013275,0.12499929843747512
2000.0,400.0,-1.0,,0.001599999999996271,,0.0001632165784547099,0.0006411426815390643,2.928171314514913,1.7111900287562785,0.2545713819315666
2000.0,800.0,-1.0,,0.001599999999996271,,0.00012271744782258267,0.0005181083538261689,3.2219616119723904,1.7949823430809537,0.23685672488453205
2000.0,1200.0,-1.0,,0.001599999999996271,,0.00011760501855584356,0.0008472509255632555,6.2042072350930075,2.49082460946029,0.13880777820060722
2000.0,1600.0,-1.0,,0.001599999999996271,,0.0001341872005498627,0.0008967989771323263,5.683193132113105,2.383944867674818,0.14962907404171008
2000.0,2000.0,-1.0,,0.001599999999996271,,0.00013409504613799212,0.0009054225651947817,5.752095556632612,2.3983526756156217,0.148102169409865
2000.0,2400.0,-1.0,,0.001599999999996271,,0.00024993443699618544,0.006514668328802935,25.065509047488177,5.006546618926881,0.03836487513741328
2000.0,2800.0,-1.0,,0.001599999999996271,,0.0002969702605372848,0.011466635244159532,37.61206581229331,6.132867666295541,0.025898640203850992
2000.0,3200.0,-1.0,,0.001599999999996271,,0.0002509923397997183,0.010986402757879415,42.7718647774116,6.540020242890048,0.02284572533258963
2000.0,3600.0,-1.0,,0.001599999999996271,,0.00035632892345234437,0.016037303671854946,44.00702192927592,6.633778857429295,0.022218755143839575
2000.0,4000.0,-1.0,,0.001599999999996271,,0.00030985812781658337,0.007965794538393767,24.707876680611133,4.970701829783309,0.03889858397967964
2000.0,4400.0,-1.0,,0.001599999999996271,,0.0002237554404974574,0.005041223940829908,21.53006197132978,4.640049781126252,0.04438514200593553
2000.0,4800.0,-1.0,,0.001599999999996271,,0.00014024915315613226,0.0008558303051887417,5.102213709882364,2.2588080285589487,0.163874955474032
2000.0,5200.0,-1.0,,0.001599999999996271,,0.00014980446307338453,0.0008735465862219933,4.831245400172557,2.198009417671489,0.1714899530673856
2000.0,5600.0,-1.0,,0.001599999999996271,,0.0001794624815906221,0.0007139688884912128,2.9783740989376892,1.7257966563120029,0.25135896603263663
2400.0,400.0,-1.0,,0.001599999999996271,,0.00026022549529236175,0.0045555945891053926,16.506334588727402,4.062798861465751,0.05712218025604945
2400.0,800.0,-1.0,,0.001599999999996271,,0.0003413169312757166,0.01044596072220344,29.604871206243114,5.441035857834711,0.0326745371108116
2400.0,1200.0,-1.0,,0.001599999999996271,,0.0006124871970832103,0.02773405669402255,44.281039058608606,6.654399977353977,0.022084298876306044
2400.0,1600.0,-1.0,,0.001599999999996271,,0.00046782148119663006,0.018400489391385937,38.33228834280918,6.191307482495857,0.02542440427783608
2400.0,2000.0,-1.0,,0.001599999999996271,,0.00033983753260646913,0.01748253500016701,50.443802766811324,7.102380077608585,0.019438687387339577
2400.0,2400.0,-1.0,,0.001599999999996271,,0.00030375841870082076,0.009632977716193576,30.712627940960335,5.541897503649841,0.031533179838066666
2400.0,2800.0,-1.0,,0.001599999999996271,,0.00038414203640909045,0.013057514098207056,32.991370015807156,5.743811453713218,0.02941923198550002
2400.0,3200.0,-1.0,,0.001599999999996271,,0.0006025876967616859,0.022697314285436976,36.666408403976114,6.055279382817618,0.02654885459943239
2400.0,3600.0,-1.0,,0.001599999999996271,,0.00036462228944914195,0.010913589785963775,28.931219516096036,5.378774908480186,0.033409931709004796
2400.0,4000.0,-1.0,,0.001599999999996271,,0.0002831042777120006,0.007883176685936532,26.84548771091342,5.181263138551585,0.03591246130726137
2400.0,4400.0,-1.0,,0.001599999999996271,,0.00029681244858830434,0.01217000882961632,40.002353127367684,6.32474134865353,0.024388844144960398
2400.0,4800.0,-1.0,,0.001599999999996271,,0.0001950413960364905,0.0038906273253511187,18.94770035702173,4.352895629006252,0.05013109191045137
2400.0,5200.0,-1.0,,0.001599999999996271,,0.00021413119973253612,0.0031240028315780407,13.58919968449308,3.686353168714723,0.06854385584035183
2400.0,5600.0,-1.0,,0.001599999999996271,,0.00025205793723941816,0.004034178251589993,15.00496415932387,3.873624163406134,0.06248061476710267
2800.0,400.0,-1.0,,0.001599999999996271,,0.00037195547404296654,0.012279199897964298,32.01255326207637,5.657963702788873,0.030291507356650413
2800.0,800.0,-1.0,,0.001599999999996271,,0.00043693530516665416,0.019984368361970345,44.737591184919204,6.68861653744025,0.02186385365064272
2800.0,1200.0,-1.0,,0.001599999999996271,,0.0005620666186038277,0.031150399441020184,54.42118747133162,7.377071740964135,0.01804364081006532
2800.0,1600.0,-1.0,,0.001599999999996271,,0.0004435574155133602,0.01843633113658717,40.56470051402366,6.3690423545477906,0.02405887658597724
2800.0,2000.0,-1.0,,0.001599999999996271,,0.0010665746721137128,0.08270971592664271,76.54704671800478,8.749116910751894,0.012895397598266257
2800.0,2400.0,-1.0,,0.001599999999996271,,0.001529780416720511,0.14025934598395162,90.68593377906787,9.522916243413457,0.010906798445328181
2800.0,2800.0,-1.0,,0.001599999999996271,,0.000660931278419863,0.03745442518987398,55.66916729893466,7.461177340000347,0.01764628011428005
2800.0,3200.0,-1.0,,0.001599999999996271,,0.0004300196630095702,0.01302977535581246,29.300417577701506,5.412986013070928,0.03300284550322217
2800.0,3600.0,-1.0,,0.001599999999996271,,0.0002324427626225739,0.005871855231078691,24.261510252367138,4.925597451311581,0.039585915094141874
2800.0,4000.0,-1.0,,0.001599999999996271,,0.0001839488843543781,0.002895291682173201,14.739653395208489,3.839225624420697,0.06353380057939668
2800.0,4400.0,-1.0,,0.001599999999996271,,0.00019543702638971598,0.0036205827689322284,17.52557233301594,4.186355495298499,0.05397943890876818
2800.0,4800.0,-1.0,,0.001599999999996271,,0.00017616830143930197,0.003535042279528204,19.066278953970546,4.366495042247334,0.049834849913821644
2800.0,5200.0,-1.0,,0.001599999999996271,,0.00019976076767389006,0.002735999701211692,12.696381592196412,3.563198225217959,0.07301198446236015
3200.0,400.0,-1.0,,0.001599999999996271,,0.00025633534553960567,0.0038492650160675567,14.016520675151362,3.743864403948327,0.06659332222375276
3200.0,800.0,-1.0,,0.001599999999996271,,0.0002646018045218344,0.00834031092609044,30.520234494100794,5.524512149873579,0.03172565230081509
3200.0,1200.0,-1.0,,0.001599999999996271,,0.0001686057035710518,0.0027113297420025143,15.080889819127254,3.8834121361410063,0.06218561356042376
3200.0,1600.0,-1.0,,0.001599999999996271,,0.0001745812547801563,0.002914803274213732,15.695969323191289,3.9618138930534443,0.05989469557846904
3200.0,2000.0,-1.0,,0.001599999999996271,,0.00039545294146579694,0.014262365621273724,35.065898431323944,5.921646597976271,0.02772702312973522
3200.0,2400.0,-1.0,,0.001599999999996271,,0.0006162598244841431,0.02648522066689213,41.9773605460364,6.478993791171312,0.023268064564570506
3200.0,2800.0,-1.0,,0.001599999999996271,,0.00031316313614933663,0.00818583130064607,25.139191864340415,5.013899865807096,0.038256729786823256
3200.0,3200.0,-1.0,,0.001599999999996271,,0.00014125485317755695,0.0015776834418687546,10.169056541268787,3.18889581850345,0.08953307706027618
3200.0,3600.0,-1.0,,0.001599999999996271,,0.00013043296156048124,0.002325396484388148,16.828288620970024,4.102229713335179,0.05609063333335192
3200.0,4000.0,-1.0,,0.001599999999996271,,0.00015584244909934173,0.0023171648488203157,13.868637282151795,3.72406193317885,0.0672556590778089
3200.0,4400.0,-1.0,,0.001599999999996271,,0.00014877848737535738,0.0016159712601107909,9.861592214160723,3.1403172155310557,0.0920675330359261
3200.0,4800.0,-1.0,,0.001599999999996271,,0.00016153458809284722,0.0025850544942119733,15.003102027450183,3.8733837955268755,0.06248788505407866
3200.0,5200.0,-1.0,,0.001599999999996271,,0.0001523416861795442,0.000986507981512737,5.475627297114695,2.340005832709546,0.15442519374849814
3600.0,800.0,-1.0,,0.001599999999996271,,0.00015803412280562687,0.0006003026586733194,2.7985635508076827,1.6728907767118817,0.26325740944557097
3600.0,1200.0,-1.0,,0.001599999999996271,,0.0001329868999095926,0.00042550896900093397,2.1996307101692296,1.4831152046180465,0.31253606762235064
3600.0,1600.0,-1.0,,0.001599999999996271,,0.0001435469030571283,0.0004167623482797519,1.903318284156157,1.3796080182994577,0.3444334730563817
3600.0,2000.0,-1.0,,0.001599999999996271,,0.00013919897086282638,0.00046597307771128197,2.347532491245752,1.5321659476850906,0.29872749633204
3600.0,2400.0,-1.0,,0.001599999999996271,,0.00012827758842930498,0.0003786141444351255,1.9515221565284062,1.3969689175240823,0.33880823079309175
3600.0,2800.0,-1.0,,0.001599999999996271,,0.00011288709741656921,0.0003407631701574835,2.0186192926904623,1.4207812261887691,0.3312772837639658
3600.0,3200.0,-1.0,,0.001599999999996271,,0.00011247496275103141,0.0004029892260770424,2.582923845630231,1.6071477360934279,0.279101661962369
3600.0,3600.0,-1.0,,0.001599999999996271,,0.00011352466370224363,0.00042578006442784387,2.7505512066047113,1.6584785818950787,0.26662747551319993
3600.0,4000.0,-1.0,,0.001599999999996271,,0.0001259686065484482,0.0005653490949259169,3.4880157875564066,1.8676230314376632,0.22281561548259854
3600.0,4400.0,-1.0,,0.001599999999996271,,0.00011664644189812076,0.0006656402937262881,4.706477479250157,2.1694417436866464,0.17523945439830282
3600.0,4800.0,-1.0,,0.001599999999996271,,0.0001186913744587092,0.0005639236888423855,3.7511766664945427,1.9367954632574247,0.21047417728160553
3600.0,5200.0,-1.0,,0.001599999999996271,,0.0001434884351119707,0.0010177590855093943,6.092969441859126,2.4683941018117683,0.14098467619196337
4000.0,2400.0,-1.0,,0.001599999999996271,,0.0001280791967207467,0.0005357366867240014,3.1828548307659785,1.7840557252412208,0.23907117039892026
4000.0,2800.0,-1.0,,0.001599999999996271,,0.00014142076866973025,0.0005256892815825385,2.7172000020040707,1.6483931575944104,0.2690196920964343
4000.0,3200.0,-1.0,,0.001599999999996271,,0.0001519115020971044,0.0007598268939180896,4.001773291876184,2.00044327384612,0.19992909347254648
4000.0,3600.0,-1.0,,0.001599999999996271,,0.00013217162621641422,0.0005191545137372726,2.9278817140921243,1.7111054070664742,0.2545901513307501
4000.0,4000.0,-1.0,,0.001599999999996271,,0.00013336544958158331,0.0004728706077596392,2.545675504736864,1.595517315712012,0.28203370518933407
4000.0,4400.0,-1.0,,0.001599999999996271,,0.00012834507985426752,0.00040619524267787295,2.164868050564128,1.4713490580294426,0.3159689389962887
4000.0,4800.0,-1.0,,0.001599999999996271,,0.00012579136031932254,0.00036314961921607094,1.886920200991644,1.3736521397324883,0.34638990009370696
4000.0,5200.0,-1.0,,0.001599999999996271,,0.00018175869544653127,0.0005312928686802029,1.9230671323589885,1.386746960465026,0.34210640902830547
4400.0,3600.0,-1.0,,0.001599999999996271,,0.00014024324232599574,0.0004949465771753826,2.529200900995131,1.5903461576006435,0.28335026201484576
4400.0,4000.0,-1.0,,0.001599999999996271,,0.00013796716229191462,0.0004702204595114566,2.4082056316890212,1.5518394348929987,0.2934095263214576
4400.0,4400.0,-1.0,,0.001599999999996271,,0.0001315024600299417,0.00041030486374350836,2.1201307082018572,1.4560668625450746,0.32049939362197544
4400.0,4800.0,-1.0,,0.001599999999996271,,0.0001709601900060968,0.00048062381233033365,1.8113200641224931,1.3458529132570518,0.35570478536464095
