chunk,snr,band,r_lo,r_hi,r_mid,a1,a2,a3,alpha,beta,var_inf
r1600_c2000,5.79905,0,0.009599999999977628,0.03821828837304668,0.01915451822365661,0.5686192082215183,0.1800343244768381,0.10888748378089257,0.6090253756138299,9.999999999999998,1.7246807990691635
r1600_c2000,5.79905,1,0.01915451822365661,0.0762555105333533,0.03821828837304667,1.596634980987679,0.4644699738208506,0.23122600772904547,0.6335175365531941,9.999999999999998,3.0315608662292814
r1600_c2000,5.79905,2,0.03821828837304668,0.15214974647591234,0.07625551053335333,2.2562753754565334,0.6511958360230983,0.2706140024853457,0.7037382895385854,9.999999999999998,3.9999999999409876
r1600_c2000,5.79905,3,0.07625551053335335,0.30357865537545703,0.15214974647591237,3.2815190837690826,0.5587981357651527,0.19444942594855208,0.7406014706857332,9.999999999999998,3.4370954521184367
r1600_c2000,5.79905,4,0.1521497464759124,0.5006797572968483,0.2760041632626885,3.412432931213623,0.5830923649935182,0.19255823181956136,0.7880146826715256,9.999999999734063,3.550588937676962
r1600_c2400,4.19895,0,0.009599999999977628,0.03821828837304668,0.01915451822365661,0.3332603370479313,0.1546570086136815,0.10947194198752189,0.604109732107976,9.999999999999998,1.5962458849799606
r1600_c2400,4.19895,1,0.01915451822365661,0.0762555105333533,0.03821828837304667,0.7932958106850386,0.3418487207952304,0.2089106386218515,0.5652188810747623,9.999999999999998,2.2549133319932464
r1600_c2400,4.19895,2,0.03821828837304668,0.15214974647591234,0.07625551053335333,0.8689889279259052,0.27329494553362865,0.1373339605574865,0.4806963705426564,9.999999999951356,1.6796828571858173
r1600_c2400,4.19895,3,0.07625551053335335,0.30357865537545703,0.15214974647591237,1.4115129952491028,0.4626360300010136,0.15669951031438045,0.39815929860672944,4.11088050395393,1.7652554637764628
r1600_c2400,4.19895,4,0.1521497464759124,0.5006797572968483,0.2760041632626885,1.312193303430131,0.4778951808070031,0.12030102284142613,0.44203451820063444,1.0,1.9286955496839775
r2000_c2400,4.02545,0,0.009599999999977628,0.03821828837304668,0.01915451822365661,0.34491579106385506,0.09123420223040647,0.06183709958043108,0.6367144567136326,3.717151279200164,1.4673214552331146
r2000_c2400,4.02545,1,0.01915451822365661,0.0762555105333533,0.03821828837304667,0.4443870967418202,0.08907086401838753,0.05799845742880037,0.6247254683139539,2.3052410953301936,1.4324655100872346
r2000_c2400,4.02545,2,0.03821828837304668,0.15214974647591234,0.07625551053335333,1.9403092133682445,0.2810810116489027,0.1582464782212724,0.5017126193352858,1.0000000000005873,2.3079692549504722
r2000_c2400,4.02545,3,0.07625551053335335,0.30357865537545703,0.15214974647591237,5.307351645027221,2.768741926737528,0.7161778487033751,0.37239479396608227,9.999999999999998,3.5256739490970155
r2000_c2400,4.02545,4,0.1521497464759124,0.5006797572968483,0.2760041632626885,3.2846253604593842,2.9818337800452515,0.652847754253746,0.4564835760732483,9.999999999999998,3.999193635881671
r2000_c2800,4.81564,0,0.009599999999977628,0.03821828837304668,0.01915451822365661,0.15716778201772486,0.04371289874046985,0.03203736663072947,0.8750465079741642,6.696332462524395,0.9870303496485603
r2000_c2800,4.81564,1,0.01915451822365661,0.0762555105333533,0.03821828837304667,0.24753587036594848,0.05317782098863927,0.037817981841009325,0.8823090818620862,1.9354351021331109,1.2536017686855574
r2000_c2800,4.81564,2,0.03821828837304668,0.15214974647591234,0.07625551053335333,0.23482876914719694,0.05390771211475243,0.03729982333477213,0.8337753230587854,2.1518337236492124,1.2021574009330793
r2000_c2800,4.81564,3,0.07625551053335335,0.30357865537545703,0.15214974647591237,0.24436353467820207,0.06363648457855604,0.05258248780678256,0.6355153707313868,6.506700714197264,1.144044362034077
r2000_c2800,4.81564,4,0.1521497464759124,0.5006797572968483,0.2760041632626885,1.7259992295893287,0.32478555850568164,0.0028981882389924767,0.1061898089491311,9.999999999993692,1.1391106738806238
r2000_c3200,4.98423,0,0.009599999999977628,0.03821828837304668,0.01915451822365661,0.17620134817767255,0.04536114302438372,0.03733749277634511,0.6419060800140374,5.396738616370837,0.6324131760309951
r2000_c3200,4.98423,1,0.01915451822365661,0.0762555105333533,0.03821828837304667,1.131887788144929,0.21648567477848182,0.21324350794635602,0.5995826105933671,9.999999999999998,1.6667765142572444
r2000_c3200,4.98423,2,0.03821828837304668,0.15214974647591234,0.07625551053335333,0.5684925015131351,0.10224389154442136,0.08833404089839944,0.573483315555003,9.999999997982208,0.9943865097111163
r2000_c3200,4.98423,3,0.07625551053335335,0.30357865537545703,0.15214974647591237,6.978334815566962,2.505861713688924,0.8487001135315203,0.4389481166236277,9.999999999999998,2.6684652487775318
r2000_c3200,4.98423,4,0.1521497464759124,0.5006797572968483,0.2760041632626885,4.426674209304967,2.5321743708038036,0.8800566076885195,0.5882433399038622,9.999999999999998,3.492344301150908
r2000_c3600,4.7212,0,0.009599999999977628,0.03821828837304668,0.01915451822365661,103.634340784295,0.03484425383707732,0.0,0.5720482558722094,9.999999999998359,0.5140832466529757
r2000_c3600,4.7212,1,0.01915451822365661,0.0762555105333533,0.03821828837304667,0.35270143805878174,0.11484861630726846,0.04168353514474941,0.6656766729446503,9.999999999863272,0.8605957794650789
r2000_c3600,4.7212,2,0.03821828837304668,0.15214974647591234,0.07625551053335333,0.8322356263283442,0.1621218661986502,0.058830656301856396,0.6348611245902087,1.8057020426800363,1.0868918292320184
r2000_c3600,4.7212,3,0.07625551053335335,0.30357865537545703,0.15214974647591237,8.570655115562396,3.7094622076369883,0.687236065555281,0.4287366545870559,9.999999999999998,2.4801233853239046
r2000_c3600,4.7212,4,0.1521497464759124,0.5006797572968483,0.2760041632626885,2.4051465145838793,1.7500333842072948,0.33590136147009175,0.5359599396650147,9.999999999999998,1.998700186408205
r2400_c1200,5.15417,0,0.009599999999977628,0.03821828837304668,0.01915451822365661,0.4347050081479519,0.1735512666991189,0.08848271009750604,0.6541936383303536,9.999999999999998,1.6562606964785938
r2400_c1200,5.15417,1,0.01915451822365661,0.0762555105333533,0.03821828837304667,1.1620260771683075,0.3522940356164334,0.15576112536458606,0.6022494344830063,1.0000000000758729,2.298349550262241
r2400_c1200,5.15417,2,0.03821828837304668,0.15214974647591234,0.07625551053335333,2.111710120666375,0.71216142532593,0.26268700366275105,0.5232227517806859,1.0000000000005533,2.6401724391992016
r2400_c1200,5.15417,3,0.07625551053335335,0.30357865537545703,0.15214974647591237,2.858523986882534,1.4269029040308645,0.5009852334669733,0.5984378183046483,9.999999999932434,3.999999806391367
r2400_c1200,5.15417,4,0.1521497464759124,0.5006797572968483,0.2760041632626885,1.972955935241867,1.0875307260444276,0.40056284088687616,0.7262446150329641,9.999999999999998,3.999999999984656
r2400_c1600,5.06145,0,0.009599999999977628,0.03821828837304668,0.01915451822365661,0.43092019958507843,0.22077999776320642,0.11008251621583554,0.7136387863204611,9.999999999999998,2.0945676824510944
r2400_c1600,5.06145,1,0.01915451822365661,0.0762555105333533,0.03821828837304667,1.3055586619877844,0.5877182999657289,0.2107419116325943,0.6596731219275576,9.999999999999998,3.122127276284071
r2400_c1600,5.06145,2,0.03821828837304668,0.15214974647591234,0.07625551053335333,1.0382268779502357,0.4877858965069107,0.1086818659986415,0.5940315480160121,9.999999999999474,1.9589345964996452
r2400_c1600,5.06145,3,0.07625551053335335,0.30357865537545703,0.15214974647591237,1.5557080272024217,0.7243660029547024,0.11933199121144406,0.5637603336403989,7.49127863206348,2.04491436688331
r2400_c1600,5.06145,4,0.1521497464759124,0.5006797572968483,0.2760041632626885,2.3079549477597494,0.9148164248993452,0.12926935649026003,0.5750321826019257,1.0,2.466771015840831
r2400_c2000,5.18143,0,0.009599999999977628,0.03821828837304668,0.01915451822365661,0.130716228183005,0.057309418307480924,0.036596237367136415,0.6841123106779256,9.99999999999919,0.8631420301012627
r2400_c2000,5.18143,1,0.01915451822365661,0.0762555105333533,0.03821828837304667,0.42214692588161823,0.14425615901631209,0.07023804753794961,0.5581448639332066,5.731988434182383,1.2199898433136147
r2400_c2000,5.18143,2,0.03821828837304668,0.15214974647591234,0.07625551053335333,2.697190804902898,0.8666431165663347,0.36565178058005665,0.520187652460712,9.999999999999998,2.8498185131754217
r2400_c2000,5.18143,3,0.07625551053335335,0.30357865537545703,0.15214974647591237,2.455276194174208,0.7592954033659083,0.26728976469265253,0.4869559907715136,9.999999998910479,2.357401046104187
r2400_c2000,5.18143,4,0.1521497464759124,0.5006797572968483,0.2760041632626885,3.2470836983332623,1.0915028872589698,0.298292126741938,0.4455527317642471,9.999999999999998,2.416865524784662
r2400_c2400,4.51207,0,0.009599999999977628,0.03821828837304668,0.01915451822365661,1.1847324909174897,0.2628911267491909,0.13221679420130267,0.6363255557812852,1.0000000056356109,2.284889595787685
r2400_c2400,4.51207,1,0.01915451822365661,0.0762555105333533,0.03821828837304667,0.4841179896139862,0.12964194282017852,0.06206571515431839,0.5863452804838961,2.188062514392626,1.2871100055986482
r2400_c2400,4.51207,2,0.03821828837304668,0.15214974647591234,0.07625551053335333,0.6444939738412233,0.1513907968862443,0.07477376540853674,0.5051809535667137,9.99999999999974,1.2819932846974553
r2400_c2400,4.51207,3,0.07625551053335335,0.30357865537545703,0.15214974647591237,8.147362416798874,1.3797058407027956,0.7699661560140434,0.39983126957100656,9.999999999999998,2.91890891884281
r2400_c2400,4.51207,4,0.1521497464759124,0.5006797572968483,0.2760041632626885,6.81828478902056,2.2320475586967508,0.9891291395669353,0.45723140498134957,9.999999999999998,3.6712383298847504
r2400_c2800,4.66889,0,0.009599999999977628,0.03821828837304668,0.01915451822365661,0.09369207380164817,0.0366622065548492,0.028748988129352934,0.8532477199704315,2.599166755396016,0.5638844884743214
r2400_c2800,4.66889,1,0.01915451822365661,0.0762555105333533,0.03821828837304667,0.29428849990268713,0.06957884972182085,0.051536820283962975,0.7888252851161514,1.0000151455747763,1.0055306375178727
r2400_c2800,4.66889,2,0.03821828837304668,0.15214974647591234,0.07625551053335333,0.1859525075692317,0.04165029730909071,0.02715240864629796,0.9217634122732749,1.0000000000758031,0.817334450668368
r2400_c2800,4.66889,3,0.07625551053335335,0.30357865537545703,0.15214974647591237,5.324586618592811,1.8599742764269735,0.7994870353503978,0.20025177365332125,9.999999999865706,1.2466437118288538
r2400_c2800,4.66889,4,0.1521497464759124,0.5006797572968483,0.2760041632626885,5.35576316471481,3.037388600161184,1.1320839524696775,0.21997652385242172,9.999999998768809,1.4041532034522415
r2400_c3200,5.19339,0,0.009599999999977628,0.03821828837304668,0.01915451822365661,0.13531403307412326,0.050762581358392074,0.03146105340175899,0.8434343735970942,7.559607601058786,0.560548652754794
r2400_c3200,5.19339,1,0.01915451822365661,0.0762555105333533,0.03821828837304667,0.2709378577566634,0.0803814775564832,0.05089626182933158,0.7976390370042601,2.4342596211633216,0.8209235429285272
r2400_c3200,5.19339,2,0.03821828837304668,0.15214974647591234,0.07625551053335333,0.40535429272087575,0.09431780383907301,0.06083706344149984,0.6356779364773969,7.0415924219707104,0.8052647005591427
r2400_c3200,5.19339,3,0.07625551053335335,0.30357865537545703,0.15214974647591237,1.5226589945327325,0.362145621561424,0.09045543542240521,0.34066690927455456,4.5191373620699675,0.897833722051147
r2400_c3200,5.19339,4,0.1521497464759124,0.5006797572968483,0.2760041632626885,0.7463296887018664,0.288697590026339,0.08334243106838542,0.5459836187637721,2.910730799111098,0.9206735045563502
r2400_c3600,4.5426,0,0.009599999999977628,0.03821828837304668,0.01915451822365661,919.5977441287686,0.026541375567479174,2.3427058863959974e-99,0.795924305535397,9.999999999194163,0.41594173078994806
r2400_c3600,4.5426,1,0.01915451822365661,0.0762555105333533,0.03821828837304667,8.289665530006175,0.08262110906937072,4.383547778045261e-05,0.7029132125113069,5.545265302997095,0.5089730946555014
r2400_c3600,4.5426,2,0.03821828837304668,0.15214974647591234,0.07625551053335333,2.9650956210759967,0.23236363050542813,9.935521852502192e-05,0.6324504919053998,1.7269191963490609,0.610976270073177
r2400_c3600,4.5426,3,0.07625551053335335,0.30357865537545703,0.15214974647591237,0.5974172686032,0.07998062110110213,0.07766234307223245,0.37748503251103893,8.34408588452676,0.6655476423339585
r2400_c3600,4.5426,4,0.1521497464759124,0.5006797572968483,0.2760041632626885,6.650616193064072,3.389311068686246,1.165807057459682,0.2042690385202535,9.999999999944336,1.0329661872355065
r2400_c4000,4.05736,0,0.009599999999977628,0.03821828837304668,0.01915451822365661,91.64358216014475,0.0454412405890529,2.3556348220416624e-85,0.7739181030917948,9.99999999999998,0.5237269426799723
r2400_c4000,4.05736,1,0.01915451822365661,0.0762555105333533,0.03821828837304667,1.8105051337416067,0.18928884333115908,0.005910198996525415,0.7245399262934026,9.999999997943181,0.6352096277861681
r2400_c4000,4.05736,2,0.03821828837304668,0.15214974647591234,0.07625551053335333,0.3247397523021468,0.06925701542617334,0.04394720539616426,0.6181514746173872,2.8789420778780457,0.7736492381281971
r2400_c4000,4.05736,3,0.07625551053335335,0.30357865537545703,0.15214974647591237,503.8514675086584,1.348738460478954,0.4539549635819931,0.12422099414877352,9.999999999999998,0.972557035053133
r2400_c4000,4.05736,4,0.1521497464759124,0.5006797572968483,0.2760041632626885,7.800765450477898,3.3527913524143194,0.7695030758827659,0.15058453921149006,9.999999999999998,1.1068463647604594
r2400_c4400,4.62391,0,0.009599999999977628,0.03821828837304668,0.01915451822365661,64.64274207619654,0.054620967618489225,0.0,0.7182091681201109,9.999999999970719,0.6290852973486967
r2400_c4400,4.62391,1,0.01915451822365661,0.0762555105333533,0.03821828837304667,0.46993375687717764,0.08395123100279822,0.053306376276492616,0.7052547472450597,2.0940164025349,1.081218131527896
r2400_c4400,4.62391,2,0.03821828837304668,0.15214974647591234,0.07625551053335333,0.8094048810346375,0.11384232326477627,0.06433609726704198,0.5706317868999621,5.048892979494268,1.0727187587413067
r2400_c4400,4.62391,3,0.07625551053335335,0.30357865537545703,0.15214974647591237,2.181096709431506,0.2559148075292038,0.1052593198818311,0.4493998691986783,1.0,1.384270765862798
r2400_c4400,4.62391,4,0.1521497464759124,0.5006797572968483,0.2760041632626885,1.3675730870504188,0.4556043447961879,0.12339688304307364,0.3920296201511658,9.999999998130845,1.2243815840683845
r2400_c800,4.76024,0,0.009599999999977628,0.03821828837304668,0.01915451822365661,0.547739332715439,0.16637544282209818,0.09440036707288567,0.5615497027478756,9.999999999999998,1.3850907554178367
r2400_c800,4.76024,1,0.01915451822365661,0.0762555105333533,0.03821828837304667,0.4579327313746127,0.08938860560710854,0.04601817502283621,0.532067313577521,2.4758415787419104,0.9333982380267075
r2400_c800,4.76024,2,0.03821828837304668,0.15214974647591234,0.07625551053335333,6.790999936356368,1.0608848745837394,0.4011851476436526,0.3879279894909437,9.999999999999998,1.947207157149933
r2400_c800,4.76024,3,0.07625551053335335,0.30357865537545703,0.15214974647591237,3.070305375935072,1.5232198265837908,0.5194066862041259,0.6991148095342685,9.999999999999998,3.9999996769512554
r2400_c800,4.76024,4,0.1521497464759124,0.5006797572968483,0.2760041632626885,1.9968605191191686,1.1445958462771437,0.39093307270948635,0.8888404359996718,9.999999999999975,3.9999999999981446
r2800_c1200,5.54549,0,0.009599999999977628,0.03821828837304668,0.01915451822365661,0.16330286162564106,0.05777544704441252,0.027351998486106685,0.8988761294911461,5.020625216338372,0.5740311558176527
r2800_c1200,5.54549,1,0.01915451822365661,0.0762555105333533,0.03821828837304667,0.4576596958594524,0.06955887688082811,0.03414744267649476,0.8518021391282217,1.9673512796851098,0.7193334152924581
r2800_c1200,5.54549,2,0.03821828837304668,0.15214974647591234,0.07625551053335333,7.124383865043287,0.2782898750605637,0.12110765020876148,0.5446438704450233,1.0,1.236630499780821
r2800_c1200,5.54549,3,0.07625551053335335,0.30357865537545703,0.15214974647591237,7.765969449763476,0.540410351068423,0.180200125962632,0.42237490597007943,9.999999999999998,1.1793280365849415
r2800_c1200,5.54549,4,0.1521497464759124,0.5006797572968483,0.2760041632626885,2.10519665824007,0.43292826051365746,0.15845166152781576,0.49797306436947647,9.999999999999998,1.1298696092794052
r2800_c1600,5.36335,0,0.009599999999977628,0.03821828837304668,0.01915451822365661,0.1284524905206082,0.046752402455097056,0.028283456328906793,0.9127564002682662,2.118948555455271,0.42758092400676867
r2800_c1600,5.36335,1,0.01915451822365661,0.0762555105333533,0.03821828837304667,0.38233606871343223,0.07402703338893625,0.050437375551709865,0.7870379314260153,1.628398077012409,0.6092649969926435
r2800_c1600,5.36335,2,0.03821828837304668,0.15214974647591234,0.07625551053335333,0.7193774897312828,0.09082568593831593,0.06380481343017082,0.5591214763815553,9.999999990712414,0.5629033447218937
r2800_c1600,5.36335,3,0.07625551053335335,0.30357865537545703,0.15214974647591237,31.47364976216719,2.0550637555406452,0.7683584056753118,0.26505724359781435,9.999999999999998,1.0054333780225615
r2800_c1600,5.36335,4,0.1521497464759124,0.5006797572968483,0.2760041632626885,4.179228634452332,2.2106471899126348,1.0721499838193647,0.4576954568689793,9.999999999999998,1.5559420246167972
r2800_c2000,6.46064,0,0.009599999999977628,0.03821828837304668,0.01915451822365661,0.08136372319118612,0.030782997788334068,0.024425432554659753,1.0686411248307575,1.8857876958613922,0.5258543620842483
r2800_c2000,6.46064,1,0.01915451822365661,0.0762555105333533,0.03821828837304667,0.15756467105621474,0.05605577085530792,0.04575341037388199,0.7649395279552288,9.999999999683842,0.6554412696948888
r2800_c2000,6.46064,2,0.03821828837304668,0.15214974647591234,0.07625551053335333,2.0428212278405566,0.6731365261903771,0.28116614793383765,0.37199484975172226,9.997496065830735,1.252988258895779
r2800_c2000,6.46064,3,0.07625551053335335,0.30357865537545703,0.15214974647591237,1.6609003322211005,0.7801231533768278,0.2491693797589034,0.3589527044662596,3.979070051962661,1.2078428695550136
r2800_c2000,6.46064,4,0.1521497464759124,0.5006797572968483,0.2760041632626885,1.6999124601782047,0.9731614735708919,0.293497275395625,0.3964668969492583,1.362424239170268,1.3978245929523558
r2800_c2400,6.95587,0,0.009599999999977628,0.03821828837304668,0.01915451822365661,0.07447458554329334,0.03116523549595505,0.026031563279581598,1.218380469578252,1.000000000007441,0.5224503969488637
r2800_c2400,6.95587,1,0.01915451822365661,0.0762555105333533,0.03821828837304667,0.35903018022432426,0.13131403916279485,0.11012619428180279,0.8327745084425043,1.0000000101402535,1.0958404816539802
r2800_c2400,6.95587,2,0.03821828837304668,0.15214974647591234,0.07625551053335333,0.5128584046430666,0.1882270077492093,0.14056602916929037,0.6982925213574824,1.0000000000000389,1.1285804132005883
r2800_c2400,6.95587,3,0.07625551053335335,0.30357865537545703,0.15214974647591237,9.809309583756752,1.3743966331565058,0.7473216458266501,0.33394884238214023,9.999193500062406,1.373013410290455
r2800_c2400,6.95587,4,0.1521497464759124,0.5006797572968483,0.2760041632626885,8.852472245709441,1.6349840718411033,0.9221016012050411,0.3664582648265983,9.999999999999998,1.5483345053434965
r2800_c2800,5.97031,0,0.009599999999977628,0.03821828837304668,0.01915451822365661,0.17756367425328995,0.06531273449277981,0.03869375278666434,0.8015570900827675,9.999999999994904,0.5043192640109768
r2800_c2800,5.97031,1,0.01915451822365661,0.0762555105333533,0.03821828837304667,0.6855943155418084,0.2829495478890728,0.14096935659862844,0.7513050714849414,1.0000000000577398,1.4109798521713468
r2800_c2800,5.97031,2,0.03821828837304668,0.15214974647591234,0.07625551053335333,0.47493141498131264,0.22338479158052177,0.0942027217447106,0.6212400886958975,4.339583090281826,0.8548075071165226
r2800_c2800,5.97031,3,0.07625551053335335,0.30357865537545703,0.15214974647591237,5.89984688178879,2.171192690636452,0.7243780350397011,0.4098057124112089,9.999940787450502,1.7899017779292397
r2800_c2800,5.97031,4,0.1521497464759124,0.5006797572968483,0.2760041632626885,1.8897366552206896,1.030266091745992,0.3582567215858123,0.47985698890173917,9.999999999999998,1.426631553973516
r2800_c3200,4.5613,0,0.009599999999977628,0.03821828837304668,0.01915451822365661,0.16416076570207522,0.05822062039743244,0.033423505336269206,0.8013236109064593,3.9383635155840775,0.9919895074335587
r2800_c3200,4.5613,1,0.01915451822365661,0.0762555105333533,0.03821828837304667,0.401236046306392,0.10069546687582559,0.04691878756438162,0.6585335139942812,1.9300716808206446,1.2215175663266764
r2800_c3200,4.5613,2,0.03821828837304668,0.15214974647591234,0.07625551053335333,1.1847325263275907,0.15504140588950918,0.048910041804110134,0.48687733091394436,1.2039556081328868,1.248785455851592
r2800_c3200,4.5613,3,0.07625551053335335,0.30357865537545703,0.15214974647591237,1.2110439397943613,0.1753264649525452,0.05086567084762077,0.4385314244076313,1.1558428110967056,1.2198900856248631
r2800_c3200,4.5613,4,0.1521497464759124,0.5006797572968483,0.2760041632626885,1.8860603622390295,0.31683675671876604,0.1124822005134574,0.30166376334206274,2.2819726140088052,1.2344344268584182
r2800_c3600,4.09829,0,0.009599999999977628,0.03821828837304668,0.01915451822365661,0.12218177259720492,0.03698373294570154,0.03144109656794999,0.723354112482917,5.199015227498851,0.5663248529288725
r2800_c3600,4.09829,1,0.01915451822365661,0.0762555105333533,0.03821828837304667,0.32386688592390417,0.06638771647135605,0.05814792243331886,0.7100543831686555,1.068088195540351,0.9605423097787904
r2800_c3600,4.09829,2,0.03821828837304668,0.15214974647591234,0.07625551053335333,0.41669010291486475,0.07193222074093643,0.06686892331091832,0.5894987563664774,2.0323677501213875,0.8374051989669408
r2800_c3600,4.09829,3,0.07625551053335335,0.30357865537545703,0.15214974647591237,0.7720375697272848,0.11219711987357109,0.08489313111071378,0.42103940303433096,2.2971174193742514,0.863007524910673
r2800_c3600,4.09829,4,0.1521497464759124,0.5006797572968483,0.2760041632626885,0.9444329888586468,0.14160079260818154,0.12395887389613038,0.3259711934494585,9.999999998806361,0.8561095126235546
r2800_c400,4.05766,0,0.009599999999977628,0.03821828837304668,0.01915451822365661,0.18964255428185917,0.08051983328616921,0.03948119172686591,0.7913283658525376,9.999999999992706,1.128540165368663
r2800_c400,4.05766,1,0.01915451822365661,0.0762555105333533,0.03821828837304667,0.548839453340944,0.1249816389013454,0.0569325181784,0.7200460542203186,2.6229175062998693,1.4806302143861827
r2800_c400,4.05766,2,0.03821828837304668,0.15214974647591234,0.07625551053335333,0.6035699618829562,0.12034498362531558,0.0513588939087802,0.6298259864809694,3.953328615715682,1.325644702108552
r2800_c400,4.05766,3,0.07625551053335335,0.30357865537545703,0.15214974647591237,1.0699335290781573,0.20653839321963868,0.05097777676256442,0.4048551146345846,9.99999999996157,1.2596742518538702
r2800_c400,4.05766,4,0.1521497464759124,0.5006797572968483,0.2760041632626885,1.0317982179689311,0.22753651873100542,0.04883329556334234,0.4113393434737242,9.999999999999998,1.2340880468173394
r2800_c800,5.51708,0,0.009599999999977628,0.03821828837304668,0.01915451822365661,0.1425329983771593,0.0435798466984651,0.027823154141086746,0.9616823844481323,2.04931538111299,0.6266887374471208
r2800_c800,5.51708,1,0.01915451822365661,0.0762555105333533,0.03821828837304667,1.7331834170207903,0.31026426324856277,0.16797646577175002,0.6768502716582363,9.996384000296445,1.8192696066343539
r2800_c800,5.51708,2,0.03821828837304668,0.15214974647591234,0.07625551053335333,0.6166943623598599,0.14049562997991866,0.06352890649503357,0.5767790644224063,8.717507571599516,0.9208174034012703
r2800_c800,5.51708,3,0.07625551053335335,0.30357865537545703,0.15214974647591237,1.781813715908119,0.42623249464454377,0.11284477807687832,0.3309190738594927,9.999999999931594,1.0120047064411342
r2800_c800,5.51708,4,0.1521497464759124,0.5006797572968483,0.2760041632626885,0.9290238952626784,0.36457195086203054,0.097903277626296,0.4635980109954426,6.627485191701632,1.004313307243518
r3200_c2000,5.24356,0,0.009599999999977628,0.03821828837304668,0.01915451822365661,0.47079214207543696,0.359325505994665,0.1165953916329026,0.49766886627174617,9.999999999999998,1.1161053331462585
r3200_c2000,5.24356,1,0.01915451822365661,0.0762555105333533,0.03821828837304667,1.2908973880550094,0.886857965929269,0.22977750651829246,0.5922249464250839,9.999999999999998,2.072321480433201
r3200_c2000,5.24356,2,0.03821828837304668,0.15214974647591234,0.07625551053335333,2.3819613458203306,1.623559419117651,0.36130407034101536,0.7469168636353822,9.999999999999998,3.999993220924672
r3200_c2000,5.24356,3,0.07625551053335335,0.30357865537545703,0.15214974647591237,1.6879400348576532,0.9125781489976119,0.19432024675864043,0.8471998051461338,7.912699474028539,2.8917405181513196
r3200_c2000,5.24356,4,0.1521497464759124,0.5006797572968483,0.2760041632626885,1.739415106732532,0.8742894343290688,0.19158920407273314,0.9632580042540297,2.445244231553254,3.276138978068297
r3200_c2400,6.55299,0,0.009599999999977628,0.03821828837304668,0.01915451822365661,0.7776972763816624,0.31946367703526807,0.11165208193154098,0.5945072479881275,9.999999999999998,1.5391392125201426
r3200_c2400,6.55299,1,0.01915451822365661,0.0762555105333533,0.03821828837304667,2.468306076423484,0.8872650020726306,0.23106699411059226,0.6619850640893413,9.999999999878451,2.9007560315944976
r3200_c2400,6.55299,2,0.03821828837304668,0.15214974647591234,0.07625551053335333,3.922338276766904,1.5951215188709977,0.27485334693615726,0.7476676103389058,9.99999999999985,3.999999943340022
r3200_c2400,6.55299,3,0.07625551053335335,0.30357865537545703,0.15214974647591237,4.144520487410631,1.2809562061780755,0.20535218096649446,0.9140184374656891,9.999999999999998,3.999999999999999
r3200_c2400,6.55299,4,0.1521497464759124,0.5006797572968483,0.2760041632626885,5.065327141040078,1.1331990969969927,0.19280981654548301,1.0043256940425265,9.999999999998927,3.99999999999831
r3200_c2800,4.68058,0,0.009599999999977628,0.03821828837304668,0.01915451822365661,0.5599367634230114,0.31524773919628296,0.11751295703762055,0.47199292454091396,9.999999999999998,1.2027409656083927
r3200_c2800,4.68058,1,0.01915451822365661,0.0762555105333533,0.03821828837304667,1.5831035590386817,1.172605925552913,0.2367309730358187,0.5188867187802225,9.999999999999998,1.9848218353416707
r3200_c2800,4.68058,2,0.03821828837304668,0.15214974647591234,0.07625551053335333,2.761126255102514,2.386098036049288,0.38171862960962905,0.6875534199307702,9.999999999999998,3.9118916972791817
r3200_c2800,4.68058,3,0.07625551053335335,0.30357865537545703,0.15214974647591237,2.1432493062595324,1.428514766844388,0.18794955741644695,0.7416883802160998,7.1364896409764365,2.5706505586486372
r3200_c2800,4.68058,4,0.1521497464759124,0.5006797572968483,0.2760041632626885,2.239102834912607,1.3781806103847134,0.17999375371634715,0.8136242109650406,3.3854147926697524,2.653643778405966
r3200_c800,4.33559,0,0.009599999999977628,0.03821828837304668,0.01915451822365661,26.611345708344313,0.09275373499680455,0.07310381499882211,0.5592790753861167,9.999999999999998,1.168455800253932
r3200_c800,4.33559,1,0.01915451822365661,0.0762555105333533,0.03821828837304667,1.6593140343683332,0.2921173428480746,0.21165074102734158,0.5330362375605632,9.99999825650132,2.0088246182523695
r3200_c800,4.33559,2,0.03821828837304668,0.15214974647591234,0.07625551053335333,0.6635837737681105,0.1109042585336895,0.07938524110254662,0.4958127236246375,9.999999999999998,1.1419624652354274
r3200_c800,4.33559,3,0.07625551053335335,0.30357865537545703,0.15214974647591237,11.79515353330205,1.4663338703863358,0.8164917019116199,0.4965095465244844,9.999999999999998,3.3323487463856054
r3200_c800,4.33559,4,0.1521497464759124,0.5006797572968483,0.2760041632626885,6.785173727702801,1.2298335391050559,0.7126555586762604,0.6623111058727689,9.999999999999998,3.9999972515513695
