chunk,band,r_lo,r_hi,r_mid,fit_success,usable,T,se_T,p,se_p,a2a1,se_a2a1,a3a2,se_a3a2,a3a1,se_a3a1,alpha,se_alpha,n_ok_jk
r1600_c2000,0,0.009599999999977628,0.03821828837304668,0.01915451822365661,True,True,0.9927468807388302,0.09215054857706904,1.7606248585595115,1.4300377303511913,0.11180901850548783,0.3224062991898207,0.6502891319973559,0.08117804604033566,0.07270818959340998,0.24131946647246205,0.7312727032313814,0.0771840500078731,4
r1600_c2000,1,0.01915451822365661,0.0762555105333533,0.03821828837304667,True,True,0.9931100210269175,0.1340500581280653,1.668025946806538,1.4845832939127381,0.0964827210416213,0.3123797007907998,0.5115216354568124,0.2639854233644606,0.049352999260533534,0.20078774009801817,0.6845966465485681,0.10995913936345934,4
r1600_c2000,2,0.03821828837304668,0.15214974647591234,0.07625551053335333,True,True,0.9877781116363418,0.15500252085398789,1.3906847521683205,1.5868137573102632,0.12896781062155657,0.33918067587441497,0.5181410981022138,0.3031716682144837,0.06682352301529168,0.23460783294412307,0.8399263943123849,0.16959303474501297,4
r1600_c2000,3,0.07625551053335335,0.30357865537545703,0.15214974647591237,True,True,0.991546181502242,0.1780831216418367,1.4939610401395147,2.0373448774436436,0.10349589604808385,0.3423331373926504,0.46104377741810415,0.35848765223287726,0.04771613886128001,0.26273098644585074,0.8398328962894539,0.1891198135935613,3
r1600_c2000,4,0.1521497464759124,0.5006797572968483,0.2760041632626885,True,True,0.9931364437019389,0.2004416052132478,1.4858788880527374,2.0204210547384345,0.09029058484991846,0.3594594596417994,0.3989803141934791,0.21606102617123757,0.036024165912133456,0.1873198868948798,0.8071537869228121,0.27001096931236424,3
r2000_c2400,0,0.009599999999977628,0.03821828837304668,0.01915451822365661,True,True,0.9396259906790505,0.026959663156739623,0.7246265480221608,0.22379194550704012,0.3195329403424388,0.08187021605638585,0.659503260596717,0.06933827562580491,0.21073301602389463,0.0707482334628122,0.8606606833377112,0.13050722044781551,4
r2000_c2400,1,0.01915451822365661,0.0762555105333533,0.03821828837304667,True,True,0.9862015529503785,0.016552192353485196,1.4465879148588812,0.5721032668264572,0.15612558774341184,0.08107641055994055,0.663314109426912,0.0357579758034252,0.10356030519277444,0.04955293667867122,0.7031693446412929,0.17276452403221265,4
r2000_c2400,2,0.03821828837304668,0.15214974647591234,0.07625551053335333,True,True,0.9978766542884504,0.006039895142216119,2.2704111114158616,0.9098306657175682,0.054060501104935064,0.06560201556140448,0.5234884262403857,0.0936820921142914,0.028300046645189092,0.04295825032756417,0.4287861355140671,0.06136200684741924,4
r2000_c2400,3,0.07625551053335335,0.30357865537545703,0.15214974647591237,True,True,0.6127475496229579,0.402508712832767,-1.0442749207482538,0.6786783990242353,0.6319472233668011,0.3296626230278661,0.22241187652252323,0.03437396941819468,0.14055256781220837,0.0635801696725565,0.4695471383554363,0.16630769624486122,4
r2000_c2400,4,0.1521497464759124,0.5006797572968483,0.2760041632626885,True,True,0.1615485304381857,0.12843661447515514,-1.5152052247057335,0.1325457207207156,0.9186997993669526,0.0796571151550231,0.20189629695877842,0.029604070124066448,0.18548208750896042,0.03444350181894212,0.5951067719186109,0.24625885629408056,4
r2000_c2800,0,0.009599999999977628,0.03821828837304668,0.01915451822365661,True,True,0.9715420758410739,0.028368299795773076,1.099879211231582,0.5989007911648637,0.24429359189957284,0.1549698416774265,0.7338098673090758,0.10606665326318973,0.17926504825628306,0.1337538106332453,1.1015602943484804,0.12703957673274077,4
r2000_c2800,1,0.01915451822365661,0.0762555105333533,0.03821828837304667,True,True,0.9822458065277148,0.013166928767714171,1.3242006598609128,0.2919169675978957,0.2008022559397388,0.07116516989330882,0.7548516820803923,0.07723377832502124,0.1515759206616493,0.06212345928615027,1.1377923733643278,0.2212309710494141,4
r2000_c2800,2,0.03821828837304668,0.15214974647591234,0.07625551053335333,True,True,0.9865899888159039,0.010035075899817647,1.44995650966686,0.30305282743119294,0.18260717807219984,0.037841007512842986,0.7784414559991744,0.11059042646500689,0.14214899757442376,0.02668954985531247,0.8066181765321182,0.16296676260939877,4
r2000_c2800,3,0.07625551053335335,0.30357865537545703,0.15214974647591237,True,True,0.9765748158686629,0.022585842455346193,1.1956337685918639,0.6742525931331693,0.2154550343265866,0.07471039789422469,0.7122193921187973,0.1803376169734051,0.15345125357701614,0.04070857607482226,0.6564763860102417,0.17807841881141095,4
r2000_c2800,4,0.1521497464759124,0.5006797572968483,0.2760041632626885,True,True,0.9985188592289878,0.2628358029965064,2.1552409064536517,0.36001210638333564,0.10840787766703093,0.34530991221623025,0.9355566175273771,0.11876115923754081,0.10142170734348914,0.09556581681499103,0.1584983221429944,0.05317577024786903,3
r2000_c3200,0,0.009599999999977628,0.03821828837304668,0.01915451822365661,False,False,nan,0.005040777136104735,nan,0.1055077095989847,nan,0.033317504311290394,nan,0.032339680039269736,nan,0.03138820061591231,0.9111662897834539,0.04124807107734002,2
r2000_c3200,1,0.01915451822365661,0.0762555105333533,0.03821828837304667,True,True,0.9865451253475623,0.017406229381057202,1.467788633430887,0.4154425780793326,0.16481852457222784,0.04546647082955751,0.7152510864968977,0.22896495416760587,0.1178866287751016,0.05468712638398804,0.8041614074817,0.05127823224901002,4
r2000_c3200,2,0.03821828837304668,0.15214974647591234,0.07625551053335333,True,True,0.9775452688269803,0.0530031356809159,1.1634968285422214,0.6850535305802241,0.1846840008198432,0.10274472599057469,0.5911933312056116,0.14728330439430617,0.10918394966506301,0.029240619857568453,0.551249874597407,0.06539675487952866,4
r2000_c3200,3,0.07625551053335335,0.30357865537545703,0.15214974647591237,True,True,0.9662467392573287,0.1759898047760584,0.33652119950981385,1.0418488921107092,0.19037037934288387,0.2882590363102417,0.266531580916661,0.07482013713396984,0.05073971816596331,0.08937661065649147,0.30199856469460074,0.13000411434458956,4
r2000_c3200,4,0.1521497464759124,0.5006797572968483,0.2760041632626885,True,True,0.8477237125236282,0.2758377292430491,-0.397870631766119,1.819944913636641,0.40293939616080016,0.4285051634174985,0.2706741062164252,0.16550934949315885,0.10906526091521065,0.16237489335154434,0.38708074939113984,0.17341981286064145,4
r2000_c3600,0,0.009599999999977628,0.03821828837304668,0.01915451822365661,True,False,0.9999999433548387,nan,-238.98209903458982,nan,0.00023800243978481804,nan,3.8723492941764825e-108,nan,9.21628579713021e-112,nan,0.8891953721115915,nan,0
r2000_c3600,1,0.01915451822365661,0.0762555105333533,0.03821828837304667,True,True,0.9795539344152396,0.053541657111904443,0.6698537015029622,0.9326149203203895,0.14935540427995944,0.13694155617267784,0.29183320719972444,0.04712780389300507,0.04358686664363202,0.025468714257067815,0.8746892845541374,0.07343371239228784,3
r2000_c3600,2,0.03821828837304668,0.15214974647591234,0.07625551053335333,True,True,0.9945728765795806,nan,1.3021043995361827,nan,0.07677445733608586,nan,0.2823017114041661,nan,0.02167356069810317,nan,0.8350600480905646,nan,1
r2000_c3600,3,0.07625551053335335,0.30357865537545703,0.15214974647591237,True,False,0.9999777789745421,0.14771783687795215,3.4766741313273704,0.3359695885794737,0.004771095842607582,0.18091347843410627,0.15435422852090214,0.030239989437582243,0.0007364388179849769,0.06642590955850106,0.4721809368937491,0.23266521383552977,2
r2000_c3600,4,0.1521497464759124,0.5006797572968483,0.2760041632626885,True,True,0.3938690081268405,0.3320832663529621,-2.821183973105135,0.48232124205838195,0.7788740367236809,0.4670806241069666,0.04637058716855827,0.27182809138509645,0.036116846413222305,0.23118354097138558,0.32851885672000175,0.10536663246771223,3
r2000_c4000,0,0.009599999999977628,0.03821828837304668,0.01915451822365661,True,False,0.9995386549549737,nan,-36.38400666791735,nan,0.02147894422513157,nan,3.393435546964463e-18,nan,7.288741284482855e-20,nan,0.7639189971886465,nan,1
r2000_c4000,1,0.01915451822365661,0.0762555105333533,0.03821828837304667,True,True,0.9010057695405563,0.006427182662676864,-0.2519894950966428,0.10658881180859325,0.3240288999712402,0.01408891632760268,0.25185240315617463,0.039288101819090204,0.08160745714980856,0.015776066913804537,0.7883684731708817,0.03843781177768641,3
r2000_c4000,2,0.03821828837304668,0.15214974647591234,0.07625551053335333,True,True,0.9170235213239682,0.005059690540106098,0.015243077502333335,0.2508333900094423,0.30127238309672627,0.002554160509808406,0.30589988043172756,0.08125475242936647,0.09215918596667019,0.02218390869610666,0.667202365534798,0.01664274234625116,3
r2000_c4000,3,0.07625551053335335,0.30357865537545703,0.15214974647591237,True,True,0.9349734574054925,0.12432558972755227,0.10134997371886545,0.4795893171684031,0.2660072168946533,0.16686171186116944,0.294380578030707,0.06510590021947014,0.07830735826978767,0.05303248271231203,0.5772067918077364,0.2456726082730217,3
r2000_c4000,4,0.1521497464759124,0.5006797572968483,0.2760041632626885,True,False,0.9999895213710118,0.052408402666648965,3.8937775358149525,1.073815904013047,0.0032798738484444336,0.15464549430914584,0.1610286817496215,0.13142595675118737,0.000528153762120065,0.04446843347678128,0.6242151407736068,0.06427936768895151,3
r2400_c1200,0,0.009599999999977628,0.03821828837304668,0.01915451822365661,True,True,0.873852883295158,0.1614440277931349,0.13747174624175873,0.4266608306005378,0.3913032078586771,0.17476609081543856,0.44896928300060845,0.031343242282341525,0.1756831206681483,0.06073858228630554,0.9671488601895831,0.15762834487154068,4
r2400_c1200,1,0.01915451822365661,0.0762555105333533,0.03821828837304667,True,True,0.9424477344551535,0.15724393806108322,0.2668563252134639,0.7015516877256306,0.2533180000198538,0.22120159894753985,0.3307960233470945,0.05339236512650443,0.08379658704880684,0.06701962175965004,0.6835944501375799,0.10841578166070409,4
r2400_c1200,2,0.03821828837304668,0.15214974647591234,0.07625551053335333,True,True,0.9497366832145359,0.14319619035674325,0.3337890753525672,0.6618375049752454,0.2368289206704593,0.2103801863791054,0.330672051120496,0.028695812045548386,0.07831270496275401,0.06037180837638294,0.5762486206084984,0.0641544702563042,4
r2400_c1200,3,0.07625551053335335,0.30357865537545703,0.15214974647591237,True,True,0.9815642742128841,0.13462353309023978,1.1937142262572848,0.5928284816722907,0.15888843126247926,0.26437219253755595,0.5242226465138404,0.13737327146884964,0.08329291393684932,0.1770461741899151,0.40363801127403276,0.10814850001583172,4
r2400_c1200,4,0.1521497464759124,0.5006797572968483,0.2760041632626885,True,True,0.9137779458151669,0.11718845262385812,0.5275064042814788,0.2290505482265499,0.3630910099731939,0.14021506800999395,0.6153307470356597,0.04466445862078225,0.22342106240873755,0.09449838771906323,0.5644773246107209,0.1191059662053872,4
r2400_c1600,0,0.009599999999977628,0.03821828837304668,0.01915451822365661,True,True,0.7356083332321212,0.09164586506141865,-0.22219510931283448,0.2617707020505275,0.5564215798517663,0.07357537547028391,0.44555965103205,0.056341494310680536,0.2479190049454549,0.003464921025725969,1.0046419731500147,0.17244745572570616,3
r2400_c1600,1,0.01915451822365661,0.0762555105333533,0.03821828837304667,True,True,0.8936058976776758,0.2049817714905954,0.043582415800020424,0.8323806755175893,0.34722755970964947,0.2586552243764995,0.3626951856214607,0.10457477379691778,0.12593776422177813,0.08973122999223927,0.5891469287961456,0.02504686987243235,4
r2400_c1600,2,0.03821828837304668,0.15214974647591234,0.07625551053335333,True,True,0.8244582191381006,0.31553410654893665,-0.7134203379011583,0.6496338472162748,0.42673812915419307,0.309517949309315,0.20908695258590795,0.017444106215828876,0.08922537497706183,0.06642761884268412,0.51184243413271,0.017084222308539107,4
r2400_c1600,3,0.07625551053335335,0.30357865537545703,0.15214974647591237,True,True,0.767433368397342,0.26712566037890095,-1.0942782922776455,0.307554848401349,0.4872523021524288,0.2532515452598614,0.16312287821573954,0.04247478391921321,0.07948199794434936,0.06808191353615528,0.5410827602943928,0.032943187070648285,4
r2400_c1600,4,0.1521497464759124,0.5006797572968483,0.2760041632626885,True,True,0.7677565467193498,0.2439617750547577,-1.0770889704915323,0.6196429567216546,0.48708995638871455,0.2323287970715901,0.1658957951044605,0.11966880525483477,0.08080617560250279,0.07731336400685389,0.5975513542695609,0.48951149841074804,4
r2400_c2000,0,0.009599999999977628,0.03821828837304668,0.01915451822365661,True,True,0.9089180947486591,0.14250567995367705,0.34686005656677743,0.4747538596209297,0.3394627536400032,0.1970883707447471,0.48021037449922244,0.0934709128240713,0.16301353605400323,0.10545357508567575,0.8918432335631052,0.087662286807061,4
r2400_c2000,1,0.01915451822365661,0.0762555105333533,0.03821828837304667,True,True,0.9754966245422987,0.19944991232752265,0.6356398494543543,1.240125741214897,0.16446236972578254,0.31094112031578475,0.31054277017568915,0.10858284725683268,0.051072599884302905,0.08055602166910568,0.6369776995495879,0.12644679279680895,4
r2400_c2000,2,0.03821828837304668,0.15214974647591234,0.07625551053335333,True,True,0.971723296172137,0.18727686385796766,0.5612948969376279,0.9156640741932022,0.1765771534492023,0.30136079128316573,0.3095293158964266,0.09348056653660192,0.05465580551006994,0.11523242174505374,0.6941271828367882,0.13063323617702555,4
r2400_c2000,3,0.07625551053335335,0.30357865537545703,0.15214974647591237,True,True,0.9988507300978021,0.05902791565549553,2.178046984776282,0.4671523465681871,0.035721905628540586,0.022237791034262128,0.31539035329030085,0.21342259060582963,0.011266344436388201,0.08520132672084943,0.5846988077085616,0.003614490862228814,2
r2400_c2000,4,0.1521497464759124,0.5006797572968483,0.2760041632626885,True,True,0.9995846041393803,0.0024518649792344416,2.7532482679470256,0.2694792079399478,0.02167282151224083,0.050220895262974935,0.34012298698522186,0.1947208774998591,0.007371424789140926,0.11001596879543148,0.7087586502301272,0.04769970636647669,2
r2400_c2400,0,0.009599999999977628,0.03821828837304668,0.01915451822365661,True,True,0.9091075131434417,0.033946627519540314,0.42589239940743884,0.26262709037922277,0.3511009583199536,0.05769400251360344,0.5375201308564943,0.11179195459769921,0.188723833059982,0.05449457635486479,0.92753493506363,0.1899626135812515,4
r2400_c2400,1,0.01915451822365661,0.0762555105333533,0.03821828837304667,True,True,0.928819925348414,0.05468640518693616,0.5278212670565567,0.5991714812388246,0.3091113403393701,0.07101125692838813,0.524016306848032,0.19173405473161473,0.16197938296948183,0.035531177764284744,0.9043227827002107,0.4021297841117297,4
r2400_c2400,2,0.03821828837304668,0.15214974647591234,0.07625551053335333,True,True,0.9865330419786379,0.024751754448114404,1.4450930297927762,0.8497593111121485,0.14926747787890957,0.1168799382917555,0.6332294773610423,0.2841892338162877,0.09452056700426284,0.10659819327009583,0.37870680480343244,0.1428698065871516,4
r2400_c2400,3,0.07625551053335335,0.30357865537545703,0.15214974647591237,True,True,0.9755374169280985,0.07765143197378896,1.119258036836856,0.5359558495706196,0.19226435737897885,0.16488657745259197,0.5888251751499278,0.1675872558219666,0.11321009390876555,0.09444669470843176,0.291787999620152,0.0880119810229558,4
r2400_c2400,4,0.1521497464759124,0.5006797572968483,0.2760041632626885,True,True,0.9048124671612071,0.19331721063734103,0.2589911292361011,1.155309019870889,0.33973822217675803,0.26661078864081295,0.4401724207614518,0.16146515818657303,0.14954339568073555,0.07230663330833495,0.30171273455369996,0.09175531543686057,4
r2400_c2800,0,0.009599999999977628,0.03821828837304668,0.01915451822365661,True,True,0.8954065779544297,0.09247104630467967,0.4886364060115751,0.37023912886971727,0.4426454657097064,0.09826142405231447,0.7215527971825627,0.15214660000609842,0.31939207394301683,0.05695984157554168,1.1438054038144596,0.17276052244206083,4
r2400_c2800,1,0.01915451822365661,0.0762555105333533,0.03821828837304667,True,True,0.9727908411503352,0.030568878698885246,1.1202197370324773,0.6376780320790201,0.2254122329685927,0.08252323647099342,0.6910074529333744,0.1966022252874767,0.15576153296365164,0.029217334445623046,0.7784157166928908,0.18536520638195866,4
r2400_c2800,2,0.03821828837304668,0.15214974647591234,0.07625551053335333,True,True,0.9946574364815386,0.005149838380198611,1.9120525566904503,0.5376869529744157,0.09584205475295082,0.0442021190757404,0.6485597467744904,0.08459080330557227,0.06215929876092062,0.028387015501955482,0.33996237242608335,0.02295204263167589,4
r2400_c2800,3,0.07625551053335335,0.30357865537545703,0.15214974647591237,True,True,0.5470470947318681,0.2972537033319844,-0.8664916607769466,0.48379931670136184,0.6890182760748471,0.22302892307995015,0.2896797885149326,0.042649695659861875,0.19959466849628518,0.04241645868492111,0.43030588551198573,0.0651214534365941,4
r2400_c2800,4,0.1521497464759124,0.5006797572968483,0.2760041632626885,True,True,0.3206539930413865,0.19817733238655305,-1.193192053406172,0.28584351815476344,0.8327839788585438,0.11604020156155997,0.2525431754622533,0.04039141037162358,0.21031391049502668,0.02525605801482683,0.5322636099242422,0.1019784812697351,4
r2400_c3200,0,0.009599999999977628,0.03821828837304668,0.01915451822365661,True,True,0.8899574140676749,0.012670187631251328,0.3121364519561798,0.13149097639773347,0.3807242721863223,0.01821256507659804,0.5201992285573072,0.07187050427662547,0.1980524726843671,0.031738072135740744,0.9058666466398113,0.06130588670528352,3
r2400_c3200,1,0.01915451822365661,0.0762555105333533,0.03821828837304667,True,True,0.9028233732293999,0.014424030489069935,0.03682749238492722,0.2824085596184105,0.3296189161147054,0.030402480451622402,0.34198424881248635,0.12865671083856037,0.11272447742187348,0.05197265228499328,0.669108158664881,0.034175427402747684,4
r2400_c3200,2,0.03821828837304668,0.15214974647591234,0.07625551053335333,True,True,0.9114165337029209,0.06914282094250941,-0.1503935846943416,0.399778764541835,0.3076105054259873,0.10544170734485851,0.2646586295647888,0.11332178012411463,0.08141177480577383,0.04950906367041988,0.5993811460872414,0.04170510466910725,4
r2400_c3200,3,0.07625551053335335,0.30357865537545703,0.15214974647591237,True,True,0.9349862542533915,0.18666462916238158,-0.21316147841299093,0.7286099543558967,0.2604260355131266,0.2623178221260263,0.21043091609684675,0.061237163634955634,0.05480168922849717,0.06224897815176605,0.5609760457006177,0.2682878515492861,4
r2400_c3200,4,0.1521497464759124,0.5006797572968483,0.2760041632626885,True,True,0.9170822152780245,0.17811983441235973,-0.47397599096534204,0.16377010935590142,0.29243268713656095,0.2655054655066156,0.18204583932276383,0.16818502021169765,0.05323615397518643,0.14556044780974822,0.7517327560486318,0.2962420862208397,3
r2400_c3600,0,0.009599999999977628,0.03821828837304668,0.01915451822365661,True,False,0.9999994437662681,nan,-283.5508713894862,nan,0.0007458107882307823,nan,5.34625756595387e-127,nan,3.987296569348839e-130,nan,0.8819614276237798,nan,0
r2400_c3600,1,0.01915451822365661,0.0762555105333533,0.03821828837304667,True,True,0.9761532994798129,nan,1.173827224991026,nan,0.23843734937226407,nan,0.7711892583731036,nan,0.18388032263084494,nan,1.0582154166730986,nan,0
r2400_c3600,2,0.03821828837304668,0.15214974647591234,0.07625551053335333,True,True,0.9400088703380167,0.04008325255041698,0.6503790088678967,0.3838818690580942,0.29125852544387126,0.047434406590977085,0.5581290930799043,0.12693001217925748,0.1625598566577781,0.022238768919610838,0.7556810117415752,0.1161557410206158,3
r2400_c3600,3,0.07625551053335335,0.30357865537545703,0.15214974647591237,True,True,0.9964700102558397,0.048335061460267954,1.9107584728654707,0.9783051518290276,0.13248989426857713,0.10131191670082941,0.8953948961495619,0.13918295831101435,0.11863077511947906,0.003329626594985393,0.4612127458358554,0.1377896571436904,2
r2400_c3600,4,0.1521497464759124,0.5006797572968483,0.2760041632626885,False,False,nan,nan,nan,nan,nan,nan,nan,nan,nan,nan,0.21979239684639298,nan,1
r2400_c4000,0,0.009599999999977628,0.03821828837304668,0.01915451822365661,True,True,0.9847275497366114,0.016322510775924965,1.336807278844181,0.27844176266763654,0.2181298355053865,0.02488339587421296,0.8303918850798792,0.13765956184916142,0.18113324529748187,0.018581337112690603,0.9197974035837959,0.05766557112106262,3
r2400_c4000,1,0.01915451822365661,0.0762555105333533,0.03821828837304667,True,False,0.9993366993396466,0.007871389143294313,-1.114649429214654,0.2118894874963296,0.02575554266418351,0.008811957664485967,0.008448597268210269,0.11884635239726143,0.00021759820739389383,0.016874840646226706,0.8613361907169823,0.03577500689931351,3
r2400_c4000,2,0.03821828837304668,0.15214974647591234,0.07625551053335333,True,True,0.9963343107163377,0.011247206253614486,1.8629659104703071,0.4847073844526793,0.14026476036163632,0.02808178271514092,0.903700221991896,0.21604481341683318,0.12675729507645087,0.029868231635733194,0.6791086075506803,0.11198204694020669,4
r2400_c4000,3,0.07625551053335335,0.30357865537545703,0.15214974647591237,True,True,0.9904173821355425,0.003247483612581466,1.6337175781607796,0.7305796991413821,0.13441256125030557,0.00682738930958337,0.6885799707503227,0.32275921130694357,0.09255379749421136,0.04027195824048465,0.4683210054101558,0.20159136397385,3
r2400_c4000,4,0.1521497464759124,0.5006797572968483,0.2760041632626885,True,True,0.9944314807848205,nan,0.6263222816881089,nan,0.07537126958955698,nan,0.14099838609269477,nan,0.010627227369884938,nan,0.11748408069184024,nan,0
r2400_c4400,0,0.009599999999977628,0.03821828837304668,0.01915451822365661,True,False,0.9953906672056128,nan,-6.704756312889237,nan,0.06789206747570901,nan,8.317261668408925e-05,nan,5.646760904047469e-06,nan,0.8806007361218301,nan,0
r2400_c4400,1,0.01915451822365661,0.0762555105333533,0.03821828837304667,True,False,0.9927291213539664,0.014757228320739979,-9.520906575338909,0.38177076616673966,0.08526944732033617,0.056028413197792316,6.2505215911543275e-06,0.13397815534127494,5.329785215415577e-07,0.034781601361224705,0.8792272929270976,0.02380677507687107,3
r2400_c4400,2,0.03821828837304668,0.15214974647591234,0.07625551053335333,True,False,0.9969567838329322,nan,-5.587048170053252,nan,0.05516535413313802,nan,0.00020665324064635007,nan,1.1400099203016494e-05,nan,0.8291371604743362,nan,0
r2400_c4400,3,0.07625551053335335,0.30357865537545703,0.15214974647591237,True,True,0.9914751058039137,nan,0.8212932206296877,nan,0.09451931428148758,nan,0.2148838002727848,nan,0.020310669451983752,nan,0.4341094330419617,nan,1
r2400_c4400,4,0.1521497464759124,0.5006797572968483,0.2760041632626885,True,False,0.9615686996347268,nan,-4.68145515169485,nan,0.19603933862958803,nan,0.0018164066742810815,nan,0.00035608716310843273,nan,0.3766854877480952,nan,1
r2400_c800,0,0.009599999999977628,0.03821828837304668,0.01915451822365661,True,True,0.8721044328627611,0.04787177782588103,0.1734108355834154,0.0809053362444205,0.39892018052900735,0.0674021486883809,0.47445756528019284,0.034738676766146295,0.18927069759492782,0.04883462409355878,0.7735978957492576,0.10481450031977649,4
r2400_c800,1,0.01915451822365661,0.0762555105333533,0.03821828837304667,True,True,0.9152485445242398,0.10884029842637727,0.03492945560348781,0.23690547926564515,0.3054406086416017,0.1358236008292905,0.31629800033839456,0.02597341232992982,0.09661025373548078,0.05656361938993108,0.5401023350292148,0.0670828771972088,4
r2400_c800,2,0.03821828837304668,0.15214974647591234,0.07625551053335333,True,True,0.9403135445307232,0.21807841599437042,0.3429298199662947,0.5318552237914858,0.261588353844938,0.26274392866906204,0.3685962677158244,0.05963054768860549,0.09642049090517057,0.12455085422058718,0.5567447859431751,0.32047835489929705,4
r2400_c800,3,0.07625551053335335,0.30357865537545703,0.15214974647591237,True,True,0.8698481136465687,0.0763137491423828,0.1266457820689948,0.029262509186462383,0.3977380834992938,0.0857315864679455,0.45143865263495436,0.060614752656612786,0.17955434451653016,0.07283562809932587,0.5504900484380107,0.11514827460551272,4
r2400_c800,4,0.1521497464759124,0.5006797572968483,0.2760041632626885,True,True,0.8091755766172104,0.03175320001958051,-0.044328875770754284,0.12088152785267936,0.4795802239277383,0.022883086599386544,0.45878528503557087,0.05412135589585822,0.22002434973211032,0.03796562244301919,0.7094237308561067,0.11891354582669254,4
r2800_c1200,0,0.009599999999977628,0.03821828837304668,0.01915451822365661,True,True,0.9793388108403698,0.010292217129204239,1.2522793764440605,0.2970938490780704,0.19405262418112745,0.052020752834726215,0.6788558159655215,0.02829751539759321,0.13173375252872996,0.03621224854827855,1.0397916327064105,0.05002972752800171,4
r2800_c1200,1,0.01915451822365661,0.0762555105333533,0.03821828837304667,True,True,0.9938572733740418,0.002716774597968667,1.8561708708082327,0.24652948622482315,0.11064726927832927,0.021623803167910842,0.7080525103384945,0.08067318645362319,0.07834407677462041,0.016613001840280476,0.9143932560675087,0.04918981067509936,4
r2800_c1200,2,0.03821828837304668,0.15214974647591234,0.07625551053335333,True,True,0.997147649011717,0.0020009299917909435,2.1406211336858387,0.24127858067668903,0.06336411973503071,0.03257414395849546,0.5388940048836608,0.18885618228755904,0.034146544249938515,0.031774238762068335,0.5927922086432172,0.11655995639418486,4
r2800_c1200,3,0.07625551053335335,0.30357865537545703,0.15214974647591237,True,True,0.9921556261998922,0.004662481466577382,1.2135197039115886,0.08517843111649993,0.09323954888680439,0.027066420377510392,0.313779867104399,0.057147698469865144,0.029256693258575592,0.014661465777324066,0.42946845860015836,0.10581456509762827,3
r2800_c1200,4,0.1521497464759124,0.5006797572968483,0.2760041632626885,True,True,0.9288371045190278,0.11160167863537496,0.22244074172521278,0.9473288639928482,0.28385053688058465,0.1903327102905667,0.3545638926096965,0.09446004787089775,0.10064315127573231,0.03506479764611123,0.5311073323633209,0.1675915429387777,4
r2800_c1600,0,0.009599999999977628,0.03821828837304668,0.01915451822365661,True,True,0.9532177866608723,0.07083821910303269,0.8617635123442104,0.5237812378225374,0.3030907260673988,0.12887597266220763,0.7175163242906664,0.11882409385866405,0.21747254369446922,0.06097211171248952,1.0797475868706539,0.06262553394644786,4
r2800_c1600,1,0.01915451822365661,0.0762555105333533,0.03821828837304667,True,True,0.975464298929253,0.05176091384533482,1.1560969153045413,0.7644548423926061,0.2036864511860688,0.11419206816211948,0.6472151168348744,0.18924148453758624,0.13182895030207245,0.036721003896511506,0.9832436970542541,0.2870536533445529,4
r2800_c1600,2,0.03821828837304668,0.15214974647591234,0.07625551053335333,True,True,0.9860625723243932,0.0495797307572925,1.3769902539937746,0.8842735373996882,0.1426589648159135,0.12491060739848647,0.5653512246250599,0.202547104486602,0.08065242046242005,0.041841619830985576,0.6502888223457544,0.22423107825662894,4
r2800_c1600,3,0.07625551053335335,0.30357865537545703,0.15214974647591237,True,True,0.9973744160835193,0.009386335348397062,2.0616885001901633,0.25776779873765704,0.05739379465973712,0.06978688056414496,0.4510709709728451,0.1943347985235279,0.025888674684983713,0.05193814774102448,0.2630488223935644,0.045699228112870485,4
r2800_c1600,4,0.1521497464759124,0.5006797572968483,0.2760041632626885,True,True,0.8305175935284406,0.2472428083601707,0.03612991677919064,0.6560902753274626,0.4562558001754776,0.1675649708057595,0.4730416948088024,0.23257759057615332,0.21582801698135423,0.11101626727860087,0.4017493028104255,0.15752599692969285,4
r2800_c2000,0,0.009599999999977628,0.03821828837304668,0.01915451822365661,True,True,0.9134734891107,0.055055342466273166,0.5703327536049398,0.31423543392715353,0.4394420823073922,0.10577495818296351,0.777309564688385,0.055861344336572936,0.34158253370411645,0.0710368120068928,1.2390854595255574,0.10574411248549528,4
r2800_c2000,1,0.01915451822365661,0.0762555105333533,0.03821828837304667,True,True,0.9169106252181782,0.06601253818953061,0.5535186386503592,0.5460693875588627,0.3604062800231806,0.1463220110919985,0.626877150601238,0.06430483811980409,0.22593046187972338,0.08449457818476906,0.7304468315157964,0.08549388145386981,4
r2800_c2000,2,0.03821828837304668,0.15214974647591234,0.07625551053335333,True,True,0.910525011234101,0.16948266780499766,0.5092370328994731,0.9331854681403348,0.36924592815155277,0.26027490890027727,0.6144330218572516,0.15068709893092688,0.22687689144264414,0.12482211372632392,0.6323445557586357,0.05978631349476214,4
r2800_c2000,3,0.07625551053335335,0.30357865537545703,0.15214974647591237,True,True,0.7143163013367919,0.26014443718788544,-0.3358808109738164,1.6245683121738743,0.5691952271778431,0.39850663697044764,0.4068085452864112,0.06618939693960617,0.23155348235218667,0.14140466416698605,0.645348100515711,0.20818619388854276,4
r2800_c2000,4,0.1521497464759124,0.5006797572968483,0.2760041632626885,True,True,0.726645401620624,0.36504384596581557,-0.4703521845651053,1.6328245142402777,0.5464928520308898,0.4487248914797011,0.3414390013958687,0.10519854279443873,0.18659397366740724,0.12920238106959367,0.6384596067777333,0.36246019126793655,4
r2800_c2400,0,0.009599999999977628,0.03821828837304668,0.01915451822365661,True,True,0.9496034842361836,0.022759113533309044,0.8242885757606508,0.14644283244758788,0.32890583588115474,0.09210866608648283,0.7499901494909513,0.16007228650647945,0.24667613702095356,0.12901572548048637,1.2696430327847263,0.14338523164829858,4
r2800_c2400,1,0.01915451822365661,0.0762555105333533,0.03821828837304667,True,True,0.9605073406231167,0.024059045757013245,0.9363215366760009,0.2635506150329916,0.2663189246407005,0.09247825415524989,0.6792682338833753,0.1907152744646505,0.18090198559040835,0.11920625535373405,0.6534220795377158,0.11938637324123438,4
r2800_c2400,2,0.03821828837304668,0.15214974647591234,0.07625551053335333,True,True,0.9497206023500855,0.06832554625330792,0.782448758890542,0.43193592029899475,0.27874229454245053,0.14751072013477703,0.6095594227250702,0.1841950840847141,0.16990999215035765,0.1364730851139926,0.650376285059812,0.044401876296292817,4
r2800_c2400,3,0.07625551053335335,0.30357865537545703,0.15214974647591237,True,True,0.9579489671498507,0.07499647421377875,0.7846385310553428,0.48887846867175505,0.23874813260623984,0.12503989206302957,0.5232438924078375,0.054999305637928424,0.12492350220999147,0.04261905107824087,0.6406956321854597,0.3314911810329975,4
r2800_c2400,4,0.1521497464759124,0.5006797572968483,0.2760041632626885,True,True,0.9503743137747619,0.35134047318630773,0.7236009361766302,0.9482129264351787,0.26208256449242295,0.28801407214575603,0.5403734755809587,0.17036190914658794,0.14162246626394134,0.05271532526622479,0.7708247385539561,0.30703786008267925,3
r2800_c2800,0,0.009599999999977628,0.03821828837304668,0.01915451822365661,True,True,0.9224912437169153,0.053910326318786714,0.5904773352701076,0.4610349269309857,0.35055729518801076,0.06522192244976575,0.6327032389549231,0.1639593454410579,0.22179873610473147,0.026012826796003315,0.9791671330023283,0.14957414853724188,4
r2800_c2800,1,0.01915451822365661,0.0762555105333533,0.03821828837304667,True,True,0.8889448743589858,0.06682122631388421,0.2783916508815687,0.5261320321090358,0.3776229434992337,0.08633590176850012,0.49884121798926045,0.1387485893394885,0.18837388907584746,0.012545415688050366,0.7008677124441147,0.08254824237690932,4
r2800_c2800,2,0.03821828837304668,0.15214974647591234,0.07625551053335333,True,True,0.7910875905204876,0.07045436219320521,-0.14340248318590465,0.36678898464968235,0.49434414449582575,0.0813598055899368,0.42830237947460775,0.08273064333648293,0.2117287733669015,0.017939023525081827,0.5318568160338868,0.11082476615527638,4
r2800_c2800,3,0.07625551053335335,0.30357865537545703,0.15214974647591237,True,True,0.6830156641591211,0.15602942077607743,-0.5315058421163379,0.4698357254084752,0.5874331843218848,0.17078123718775914,0.3452458143287023,0.06656597837600128,0.20280884808491184,0.06313756730983681,0.355140775830688,0.1500976940131218,4
r2800_c2800,4,0.1521497464759124,0.5006797572968483,0.2760041632626885,True,True,0.5022710936348763,0.27777150536281286,-0.48975619841709167,0.5682293304966196,0.7456811518965774,0.1854148286303642,0.4569353432788254,0.1070813699096788,0.3407280731184125,0.03856085850428057,0.47758404846844493,0.18503886397367633,4
r2800_c3200,0,0.009599999999977628,0.03821828837304668,0.01915451822365661,True,True,0.9367577454984805,0.053108761440547936,0.5820561004821494,0.42888508038924855,0.29127092841301777,0.12684819742314046,0.521291799086797,0.024016385325689903,0.1518371462941037,0.07139701875429517,0.9131863962343546,0.02975710995179842,4
r2800_c3200,1,0.01915451822365661,0.0762555105333533,0.03821828837304667,True,True,0.9745785096486801,0.03237344107506768,0.7921074794820115,0.49318106685531565,0.17198416203904984,0.10436803544697007,0.3797487579960619,0.04576718813301619,0.06531077192932264,0.04725383648752149,0.6233334045820651,0.038602674493891445,4
r2800_c3200,2,0.03821828837304668,0.15214974647591234,0.07625551053335333,True,True,0.9799610480858463,0.02464530334341723,0.6970636107001118,0.4116750220736314,0.14812426618415148,0.08813895725818255,0.29741104401134416,0.05584523965661461,0.04405379264924274,0.03600967059619902,0.6123401758585911,0.05329290814780989,4
r2800_c3200,3,0.07625551053335335,0.30357865537545703,0.15214974647591237,True,True,0.989012123137289,0.053020646990669336,0.8832686634155622,0.826238924095814,0.10859345847535662,0.16268765934634535,0.26266509930726534,0.07130015056724344,0.02852371155454894,0.06010065188897543,0.5630641486025899,0.32290427609457484,4
r2800_c3200,4,0.1521497464759124,0.5006797572968483,0.2760041632626885,True,True,0.9991654002592668,0.11845693981198897,2.2616508398374315,1.6528527825726564,0.030182861522383024,0.3070672405223411,0.28972294488654937,0.17168925041168728,0.008744667525367728,0.15563548624823306,0.29931596009665024,0.11930564187766009,4
r2800_c3600,0,0.009599999999977628,0.03821828837304668,0.01915451822365661,True,True,0.9942744333208963,0.010592366759140047,1.4232899046298506,0.29400080847685434,0.22790755119082248,0.052312160996252056,0.9459880852722521,0.11507296998968627,0.21559782797009394,0.048368547811386095,0.8972854608702705,0.076739644345712,4
r2800_c3600,1,0.01915451822365661,0.0762555105333533,0.03821828837304667,True,True,0.9953388231023291,0.00211992841534213,1.7192564700153463,0.13607356269601867,0.16313128590186385,0.021164583135772762,0.9103341970658226,0.021625140336291652,0.14850398816778837,0.018215948343681336,0.8037313863327387,0.09143775587755894,4
r2800_c3600,2,0.03821828837304668,0.15214974647591234,0.07625551053335333,True,True,0.9918542755382208,0.004401038699444326,1.669445137008318,0.1592793558734255,0.15238206575174496,0.01889905000544506,0.8090300771431268,0.14051476626238382,0.12328167441036322,0.03228795337305406,0.6897352384581471,0.1186540413502548,4
r2800_c3600,3,0.07625551053335335,0.30357865537545703,0.15214974647591237,True,True,0.9896682104595145,0.04148802290376908,1.5955614807688439,0.7975887278353392,0.1387047112961975,0.1561441327242358,0.6839663873002754,0.08982288966251736,0.09486936028678791,0.10244033301126239,0.5672378018393925,0.37359790767305195,4
r2800_c3600,4,0.1521497464759124,0.5006797572968483,0.2760041632626885,True,True,0.995147158420221,0.14504162169469226,1.8813117031269315,1.129075879373956,0.08296381322987072,0.28192805188239534,0.5444173992447474,0.014895369077198552,0.04516694343003318,0.1344289346074112,0.3080724766350994,0.08824697616527521,3
r2800_c400,0,0.009599999999977628,0.03821828837304668,0.01915451822365661,True,True,0.8107127221770852,0.05549228689085155,-0.168936456829627,0.10025278816706516,0.4651409084775608,0.06770394602492076,0.39284060008247285,0.021117024647682687,0.18272623360923157,0.03574023380645945,0.9813763836788523,0.05273896956546373,4
r2800_c400,1,0.01915451822365661,0.0762555105333533,0.03821828837304667,True,True,0.9593422228456623,0.04987479050668476,0.4050941672995383,0.5984072619658409,0.2122067225918498,0.1283945102755518,0.3181920315844256,0.020410636435575034,0.06752248817737332,0.04402255573178761,0.7839783313536922,0.04338049871047016,4
r2800_c400,2,0.03821828837304668,0.15214974647591234,0.07625551053335333,True,True,0.9757037434332742,0.02559915635557242,0.5550550056977244,0.40791130832937855,0.16233456119049886,0.0909349166395753,0.28279278016942483,0.07357077436341578,0.04590704187664479,0.03785759957334115,0.6333092414978843,0.022104601328841452,4
r2800_c400,3,0.07625551053335335,0.30357865537545703,0.15214974647591237,True,True,0.9707432400774079,0.01687793083036855,0.3816443802431304,0.2678787871513695,0.17690836953845995,0.060263500573306775,0.2591161178115463,0.06101706997927284,0.045839809923176156,0.022949929228673494,0.5484150687731449,0.07255816207511498,4
r2800_c400,4,0.1521497464759124,0.5006797572968483,0.2760041632626885,True,True,0.9865251986339408,0.01212284740673872,0.6811952892086643,0.22044645579268662,0.11940714059041121,0.03769747322264252,0.23597698812318013,0.015725286700124897,0.028177337396926367,0.00886066441665751,0.4918919526237679,0.24829004505328675,3
r2800_c800,0,0.009599999999977628,0.03821828837304668,0.01915451822365661,True,True,0.9413800212913094,0.0396898003345435,0.7285689500411268,0.3330176666282102,0.30891488705734566,0.0845487623036897,0.6401066112636099,0.05196996052339448,0.19773846152315833,0.04449630120379231,1.1793573784943707,0.05514275264261603,4
r2800_c800,1,0.01915451822365661,0.0762555105333533,0.03821828837304667,True,True,0.9627772885307873,0.029731284578717387,0.865859865747562,0.3742015328665022,0.22769506788188995,0.08077559381572326,0.5412423677079772,0.07717927736900293,0.1232382176558227,0.044986998644506844,0.9288066574519995,0.16376114596867564,4
r2800_c800,2,0.03821828837304668,0.15214974647591234,0.07625551053335333,True,True,0.9663825275522218,0.030058366353438216,0.7631348381806093,0.6096304469089135,0.20284104652580434,0.08620767266427626,0.4350919936826126,0.08193294094532436,0.0882545153335798,0.02964012165700079,0.5231683643917845,0.18519803622642114,4
r2800_c800,3,0.07625551053335335,0.30357865537545703,0.15214974647591237,True,True,0.9295769993934588,0.1273895571038745,0.2829797184476033,0.6796397061561871,0.2849972490839574,0.1858400822014759,0.37821364952527203,0.11115198653223153,0.10778984968070653,0.0772828076703303,0.46618265193215075,0.0723541012445048,4
r2800_c800,4,0.1521497464759124,0.5006797572968483,0.2760041632626885,True,True,0.9821170403017004,0.10069853156714993,0.8873992139119293,1.3835032348084884,0.14234242029560537,0.2325799101954044,0.3457219292531146,0.04450636276032571,0.04921089615915439,0.06412352500371751,0.25109314138548017,0.13831348423579817,4
r3200_c2000,0,0.009599999999977628,0.03821828837304668,0.01915451822365661,True,True,0.5118152415221849,0.3026262695708441,-0.9900511697663079,0.5006543325861543,0.7115456336512194,0.19770399058213184,0.26438024344190625,0.07548825649029532,0.1881186078447348,0.03293400411972152,0.6549740887589068,0.14234106480167838,4
r3200_c2000,1,0.01915451822365661,0.0762555105333533,0.03821828837304667,True,True,0.5885320804712114,0.36988326770862007,-1.1376316090950245,0.8951443554337621,0.6498091260729086,0.2969856065941996,0.20831410451382212,0.10866718776377216,0.1353644062027873,0.041432270753166106,0.6096181678839007,0.06701306603098144,4
r3200_c2000,2,0.03821828837304668,0.15214974647591234,0.07625551053335333,True,True,0.7283689675416476,0.3995694022191803,-0.09406587389706189,0.948855287820064,0.5851190662410112,0.25900441630785115,0.5325887150078419,0.23283637074277466,0.31162781161588843,0.14522684751214732,1.0802779976199635,0.3638880834059871,4
r3200_c2000,3,0.07625551053335335,0.30357865537545703,0.15214974647591237,True,True,0.9275443520702045,0.4174704255240686,0.6214618297613576,1.4050806071095951,0.3389412908906962,0.36203904022870476,0.6309891950941989,0.29118420909160914,0.21386829232330914,0.0580561306495473,1.1513007175953267,0.3569577922190337,4
r3200_c2000,4,0.1521497464759124,0.5006797572968483,0.2760041632626885,True,True,0.880042388367319,0.35257040168998655,0.1315962596790825,1.034788295435523,0.3788843214833954,0.3186073675335906,0.4321735301766252,0.1484790234584648,0.16374377474405435,0.0401213176108008,1.189100402482043,0.2481147891411258,4
r3200_c2400,0,0.009599999999977628,0.03821828837304668,0.01915451822365661,True,True,0.8900473132308206,0.2288309662725558,-0.22052480731130908,0.7199972300119847,0.34338650327226083,0.26431317428161727,0.275429538470642,0.05445467302166778,0.0945787861133264,0.069045271335362,0.7639486530325724,0.14287711239741652,4
r3200_c2400,1,0.01915451822365661,0.0762555105333533,0.03821828837304667,True,True,0.9230137996814989,0.3651149320612779,-0.5208461930848359,1.1422800139943357,0.28110472387826624,0.42526087195011425,0.16698117636068743,0.0017545862411938859,0.04693919747373912,0.07575009534240634,0.6346719623856316,0.10750273423026237,4
r3200_c2400,2,0.03821828837304668,0.15214974647591234,0.07625551053335333,True,True,0.9208368656311895,0.26454071013747776,0.21114144478292918,1.253892245430543,0.30120613872507607,0.34380325952658797,0.37201579810452684,0.21161922551150303,0.112053442091792,0.179823225416283,0.9656719176489493,0.17221350830553625,4
r3200_c2400,3,0.07625551053335335,0.30357865537545703,0.15214974647591237,True,True,0.9961646213985215,0.11242975947901644,1.921662470340395,2.4519580662410854,0.12848592515028037,0.3164936505803046,0.8778553553902644,0.43197594318319443,0.11279205748544628,0.19444722470128234,0.9215258402186068,0.35585116605920186,4
r3200_c2400,4,0.1521497464759124,0.5006797572968483,0.2760041632626885,True,True,0.9912928524103622,0.12254370182008797,1.6696254488135596,1.9151445799948132,0.14421129528839324,0.2642241233889403,0.7657877183999512,0.3150106149114837,0.11043523878640028,0.12594696598372956,0.9622121732864305,0.36631027461402077,3
r3200_c2800,0,0.009599999999977628,0.03821828837304668,0.01915451822365661,True,False,0.9999084117901366,nan,-16.30093018659685,nan,0.009570172927559512,nan,7.971054075230017e-10,nan,7.628436591487923e-12,nan,0.6889999524914027,nan,1
r3200_c2800,1,0.01915451822365661,0.0762555105333533,0.03821828837304667,True,True,0.6091486693150151,0.24756297458636548,-1.4054027316913895,0.2618527790339981,0.629774259573866,0.19442222214073598,0.15446363637179866,0.01989762710916389,0.09727722222713638,0.04115637781517085,0.5098282543984978,0.0417870750639963,4
r3200_c2800,2,0.03821828837304668,0.15214974647591234,0.07625551053335333,True,True,0.33027832168483096,0.41057090244511774,-2.0156796893043207,0.7992444968797529,0.8199829400998455,0.314334869552597,0.10924617762847752,0.05035757130655813,0.08958000192646898,0.04157129418478071,0.48877338103862317,0.10422769167449036,4
r3200_c2800,3,0.07625551053335335,0.30357865537545703,0.15214974647591237,True,True,0.7524275585084621,0.3500787784162373,-1.6032523731032435,1.7993578748006023,0.4994685592841271,0.3509989198628265,0.10051352329823483,0.16390667094197858,0.05020334467034089,0.02717249869948003,0.48857772278316325,0.04797807004803756,4
r3200_c2800,4,0.1521497464759124,0.5006797572968483,0.2760041632626885,True,True,0.7927279677274499,0.43035416602561977,-1.403613756173776,2.120529819110317,0.45756961762187487,0.41258747075248825,0.11242825519761847,0.19289436781417985,0.05144375374066885,0.023882833549469757,0.5623180355855634,0.21808407592006007,4
r3200_c800,0,0.009599999999977628,0.03821828837304668,0.01915451822365661,True,False,0.999993136828044,nan,5.233937497530024,nan,0.0034021188283838047,nan,0.6379984921060675,nan,0.0021705466824745285,nan,0.763347189946656,nan,0
r3200_c800,1,0.01915451822365661,0.0762555105333533,0.03821828837304667,True,True,0.9942945614967911,0.017010534541263344,1.8485939973097056,0.7198985719150793,0.0940095568622515,0.10796416578076898,0.5970437794757782,0.13256955867616832,0.056127821135881724,0.08009262958763746,0.6889256857135858,0.0529559041796912,4
r3200_c800,2,0.03821828837304668,0.15214974647591234,0.07625551053335333,True,True,0.9989036088546663,0.01156328496691159,2.656892369699669,0.6303732500021779,0.040574538757479614,0.11942288049432563,0.5782655055601855,0.28257672275641477,0.023462856167465292,0.10584102290603636,0.5413893611673651,0.13313167806984402,4
r3200_c800,3,0.07625551053335335,0.30357865537545703,0.15214974647591237,True,True,0.9997675672770044,0.03737134165661907,3.4599464864724245,1.7944254423326154,0.02478369319023618,0.25344315793396,0.7884999876356097,0.1809247948864096,0.01954194177406597,0.21271157631878948,0.4903194474890395,0.08665030669867968,4
r3200_c800,4,0.1521497464759124,0.5006797572968483,0.2760041632626885,True,True,0.9996299517667244,0.08648587784828111,3.2577545045609817,2.160650748378622,0.027495893644794715,0.3633798632577373,0.714648759169488,0.15031533069143346,0.019649906275508753,0.2842058887292915,0.5974588899095865,0.14567347125216912,4
