chunk,n_bands,n_ok,n_degenerate,r_min,r_max,slope_T,se_slope_T,T_first,T_last,slope_p,se_slope_p,p_first,p_last,slope_a2a1,se_slope_a2a1,a2a1_first,a2a1_last,slope_a3a2,se_slope_a3a2,a3a2_first,a3a2_last,slope_a3a1,se_slope_a3a1,a3a1_first,a3a1_last,slope_alpha,se_slope_alpha,alpha_first,alpha_last
r1600_c2000,5,5,0,0.009599999999977628,0.5006797572968483,0.059406124318988666,0.19654284407403602,0.9340043913657632,0.9956649849013718,0.6686051085727844,1.9358418335238363,0.6472341713245546,1.4164678672356024,-0.2252888830778053,0.26399847773104484,0.3166156782630884,0.06863295599019435,-0.2758125306299648,0.17505096985157617,0.6048151282995355,0.28294165056303,-0.15303533914010173,0.09162838811038375,0.19149395207033426,0.01941912185088539,0.012889182674586655,0.13091419194162437,0.6090252959428043,0.6019132943008247
r1600_c2400,5,5,0,0.009599999999977628,0.5006797572968483,0.09085327221027244,0.045686131883287365,0.8795505423134268,0.9703842790273529,-0.2031480293653741,0.7838401305742833,0.4222005299918514,0.10028334999637295,-0.2722493598263475,0.11464004592998302,0.4640593361682514,0.17531699291193462,-0.45280289359214604,0.1275133879812812,0.7078363718064121,0.19381015033663518,-0.2696061513448645,0.027898077033789888,0.3284780768162272,0.03397821275282885,-0.34024719144484944,0.12900462366397752,0.604109686896786,0.23389296368984702
r2000_c2400,5,5,0,0.009599999999977628,0.5006797572968483,-0.6036605853536198,0.33661990448735835,0.960030347101441,0.1831079448349916,-2.286826720284686,0.7707830127452285,0.9305273815553372,-1.4222395411416804,0.5478701080280318,0.24814002810139998,0.2678810091271955,0.9078136489450631,-0.45462644394171675,0.1658187990244284,0.6793050346367314,0.2189404081660155,0.015362306539969646,0.054495791197455894,0.1819729181836721,0.19875709083871204,-0.18567109016547606,0.17056996367626465,0.6344408075852281,0.45648399768825226
r2000_c2800,5,5,0,0.009599999999977628,0.5006797572968483,-0.0036448890906608787,0.060028026471377297,0.9569353165852523,0.999409375745775,0.1792391373749632,1.9561477124371767,0.8989780365485771,3.023801331981365,-0.12988821550536164,0.12983731215219055,0.30421632636988793,0.03493270026496925,-0.276426960977126,0.2039045382171217,0.7474871278048311,0.7185423836472983,-0.18045660143673753,0.054535497013977606,0.22739778802956462,0.025100625715627614,-0.753916701162972,0.06207407053335329,0.86534471114574,0.06767290241769486
r2000_c3200,5,5,0,0.009599999999977628,0.5006797572968483,-0.22613553577876336,0.10125044898857878,0.9785861040486448,0.7004760532885623,-1.7145312405074729,0.3579951918826358,1.1740212900233598,-0.4982778478451195,0.26818937141224614,0.09549204612036456,0.25677408400851026,0.5720218373555759,-0.5538403656205119,0.1305968352105363,0.8306578172374508,0.3475467957617377,-0.03540543876229411,0.026252920443049436,0.21329140014565498,0.19880435667867224,-0.09023239716530608,0.20215854996186697,0.6329518669203941,0.5882410641494155
r2000_c3600,5,5,0,0.009599999999977628,0.5006797572968483,-0.2757025614929416,0.30114633196659973,0.8339643450798321,0.4855955968990176,-1.1978441939781062,1.0659252715640333,-0.22067675797709096,-1.3390427851065474,0.2574632537807039,0.3887654382267984,0.429235698791456,0.7235660612249023,-0.17804103087371817,0.12437656986449584,0.3442366732738402,0.18964408234958582,-0.015073657938682494,0.12606506698944858,0.1477586690023429,0.13722002170030084,-0.101112140126839,0.3649406475048604,0.5933818833160142,0.5301300464584734
r2400_c1200,5,5,0,0.009599999999977628,0.5006797572968483,-0.1577530667594384,0.26949724187166646,0.8769424087800495,0.7248836139632794,-0.7183690154419026,0.5270850374136322,0.24453340966218828,-0.4029258207474069,0.17742243181795198,0.20353507267243226,0.3992363950788279,0.552537532247427,-0.12956458370237706,0.11806166627987041,0.5098349877747843,0.3692949111358229,0.016100816932548775,0.10791355169683566,0.20354468260426317,0.20404929887052042,0.06342351690991992,0.26877117306318166,0.6541932233143467,0.7286678645872394
r2400_c1600,5,5,0,0.009599999999977628,0.5006797572968483,0.14630424170329628,0.47616692630122925,0.7889914785334144,0.9549222990182061,-0.7096591453100659,0.6688891607264286,-0.0271795349207693,-0.7186464448661594,-0.2579155258437426,0.4517723718110622,0.5123452005182582,0.2134206143681933,-0.3542899364319915,0.07349171353529974,0.4986074349829173,0.10402367203890707,-0.2043050494096834,0.06429301518115584,0.25545912625621714,0.022200795995378993,-0.33974020056050425,0.24129057780172916,0.7136390077817134,0.35053057415332556
r2400_c2000,5,5,0,0.009599999999977628,0.5006797572968483,0.02366167371911807,0.333700501691792,0.8788250731597178,0.9098230198833714,-0.4464250344683611,2.213841510036492,0.3861804778152864,-0.15450471955079426,-0.09727528628450613,0.4823071195085748,0.4352983994219417,0.31045462483004044,-0.3043519955114454,0.1850230950480945,0.6404763839680843,0.2660097694414551,-0.15478708996130341,0.15859710276797478,0.27879834480886,0.0825839631730725,-0.19461214105615288,0.016625568050246533,0.6799120717962333,0.4299654579320109
r2400_c2400,5,5,0,0.009599999999977628,0.5006797572968483,-0.010418887325817822,0.23259917441605552,0.9435476519876256,0.9120292816602796,-0.01834288939361727,1.1317931307716191,0.6235947187449131,0.302854252596642,0.005548688681480667,0.2982817081497531,0.27359223591191684,0.32736052239344576,-0.019442333811340032,0.06294145702529569,0.5104198011199327,0.4431535531691763,-0.006953517582702544,0.09144133169679487,0.13964689464211827,0.1450709786659732,-0.1516547386881635,0.15662947169932845,0.6100040804318883,0.45723352325851535
r2400_c2800,5,5,0,0.009599999999977628,0.5006797572968483,-0.17398936956152952,0.29926612134523634,0.9300294058365637,0.7101362655049377,-1.0663246950646645,2.428900744583119,0.6543569796378748,-0.4197175514362841,0.1422752238087487,0.48456678425286104,0.41594023459167834,0.5670863121855352,-0.40139738246926226,0.13035742356814192,0.8002295009634589,0.3727075138187389,-0.09045572153167411,0.1963757193036553,0.3328476463579228,0.21135732953530803,-0.49256801874881617,0.04621041185028468,0.7446637354307357,0.21996771642049145
r2400_c3200,5,5,0,0.009599999999977628,0.5006797572968483,0.06762032731424548,0.31088504297071295,0.9173991694666186,0.9974329445771769,1.2607239390715521,0.9988050660414899,0.5572653229269289,2.016502268566893,-0.2842956480171818,0.39345458988999854,0.35984325915704335,0.05578741782313678,-0.30637435270606456,0.18230633070004285,0.6282472934499618,0.4190753033979351,-0.19392286909014053,0.15899882224431477,0.22607055363162568,0.023379129050018415,-0.5898295075798471,0.12513752610804155,0.8192534497137235,0.2084773002981133
r2400_c3600,5,5,0,0.009599999999977628,0.5006797572968483,-0.1358536730448618,0.18353050120890357,0.969519181354913,0.7635405052664626,-1.272956326916367,1.2540202347918998,1.0485836748590742,-0.39347572964103916,0.13015203887618432,0.24902284059976687,0.27492819696009624,0.5098497276430758,-0.5129730269470754,0.11825912562822986,0.7845369228092509,0.34399953340055855,-0.0650820312505766,0.06297964056599319,0.21569132163656957,0.17538806841361992,-0.4809866494917141,0.07018812714035584,0.7303969105709603,0.20429782325666732
r2400_c4000,5,4,1,0.009599999999977628,0.5006797572968483,-0.1393516410828058,0.2150086940650677,0.9805332848877498,0.823313540306758,-1.5596017488894922,0.9549997165362126,1.2288138094661756,-0.6273533072218265,0.176038240120224,0.26148745720254296,0.2409347228253173,0.42976179695582906,-0.4777925614919436,0.10367102442378957,0.8233158011865165,0.2294942070121963,-0.07510810921668894,0.04990554630481602,0.1983653643565774,0.09862784279651451,-0.4988749499336983,0.042716784761444165,0.7369980391412934,0.15057562169996488
r2400_c4400,5,4,1,0.009599999999977628,0.5006797572968483,0.033190157721326885,0.03013110263939837,0.9673607698704991,0.9972618774542907,1.186526554824802,2.4633658526712154,0.9920792974117685,1.9310467583750481,-0.19621381398948448,0.15110978231825628,0.22535303873341506,0.056871177364992705,-0.23302382959180545,0.37560744336165236,0.6077402261016236,0.3922249088090351,-0.1340417078044233,0.06754884007820797,0.1369561067125336,0.022306292355846725,-0.47865344695791257,0.0987359063277651,0.7074906941193484,0.2971924619533913
r2400_c800,5,5,0,0.009599999999977628,0.5006797572968483,-0.23368053980914458,0.216697425055173,0.9355246423065361,0.6983870808518509,-1.411856117754126,0.39244569588333433,0.6248507108746137,-0.5170794712231124,0.31079170179813786,0.13622441415746903,0.30374748478665914,0.5730521522192857,-0.21819509842225746,0.07638888054347737,0.567390299008292,0.34168773261553054,0.051191828003807255,0.03740826624923413,0.17234337621611912,0.1958048905622576,0.30757309654410336,0.156046975312746,0.5615492015367023,0.8885796499109276
r2800_c1200,5,3,2,0.009599999999977628,0.5006797572968483,0.06529789410354571,0.013274043093155817,0.9289292714842704,0.9995009696280259,1.7148109547128692,0.49424789124825663,0.47328608441872255,2.371963639254964,-0.25487376992993427,0.05006524547241366,0.3013483034628595,0.023053497142093125,-0.2002540578769238,0.14342029371998713,0.4837425455658096,0.24709703581242393,-0.12846561253749897,0.038700550090999014,0.14577499541906172,0.0056964508089213965,-0.47613964399747644,0.2072607478885413,0.8277631124507683,0.2868155251464033
r2800_c1600,5,4,1,0.009599999999977628,0.5006797572968483,-0.10275095075395645,0.15799452650253704,0.9305053456373568,0.7710069308386172,-0.4062501479057025,0.7742076743469622,0.6332423439224684,-0.08663018213825846,0.1017308398636512,0.15542072959758324,0.32866772146260614,0.5288892102135052,-0.20673029132994664,0.24068974936227241,0.6191141209931168,0.484999953614536,0.005864651938164399,0.12456793295754265,0.20348282747213192,0.2565112424207786,-0.34409481984285273,0.11919213077668989,0.7728337481961091,0.4577024723083251
r2800_c2000,5,5,0,0.009599999999977628,0.5006797572968483,-0.1767101367419039,0.49942444161045063,0.9415726989816,0.7574112982234101,-1.3189448899366718,1.3599186821557672,0.7224541113043585,-0.5528297012886776,0.12029077845240362,0.51935185560495,0.39688870144333527,0.5093784025355269,-0.5351877203774728,0.17497929698374257,0.8173848231048261,0.2930553392983314,-0.1624511310776145,0.17721495738178752,0.3244108010215647,0.14927606058629087,-0.47498433611312985,0.21337532183648672,0.8634616938888436,0.3197530387532605
r2800_c2400,5,5,0,0.009599999999977628,0.5006797572968483,0.038506354384721664,0.11113641012385504,0.934906632248919,0.976484027353794,0.5029298539273118,1.272201896821763,0.6490049072942874,1.1163412940033641,-0.2537569561935197,0.2542590392030082,0.4406437958941823,0.18469053510757824,-0.2949509258880122,0.3715667824818283,0.84323167077564,0.563982337893118,-0.26372155006674397,0.16960101759246743,0.3715648042287714,0.10416219977670296,-0.47664417222394123,0.12899147460537794,0.8676875050230863,0.36645773787675323
r2800_c2800,5,5,0,0.009599999999977628,0.5006797572968483,-0.1155020866580558,0.1443910233437956,0.9083373085386195,0.7347239853425669,-0.7400808200071562,0.9663968105149714,0.4796837229569313,-0.44407940255202405,0.1038588740852809,0.23381647409673814,0.3669347774089138,0.5393012318155032,-0.22825750215994012,0.3059212898899316,0.5928063803431215,0.34591562394541026,-0.049619003245736495,0.20392901783253922,0.2175212772177872,0.1865527220979881,-0.31757409477422344,0.17825201236266772,0.7991289466340578,0.47464221256913547
r2800_c3200,5,5,0,0.009599999999977628,0.5006797572968483,0.06459273495394681,0.0370440156181757,0.9181997232266749,0.99840441568624,1.5009456955890976,0.9480947886737321,0.5208528216194708,2.1701138023959308,-0.2603255054869927,0.08628189328203817,0.3436380790980806,0.04313742259354749,-0.2151639902540192,0.045940701534701596,0.5785018991450922,0.3778527979667877,-0.1536113158402116,0.0379908054173532,0.19879528137681104,0.016299595824047643,-0.5551347009559204,0.02652102737116705,0.7647316482833184,0.14625696266813476
r2800_c3600,5,4,1,0.009599999999977628,0.5006797572968483,0.02192358603813666,0.036523629657103034,0.9709400000759939,0.9995340138515431,1.6676625502363018,2.492164053533865,0.9827407682612286,2.8761243347393055,-0.24969015756587898,0.130138758715865,0.32240347717964746,0.02381748282130667,-0.3888733791169625,0.35803869512092684,0.8613875886180274,0.4226499174562135,-0.22530271230609686,0.024204278857361435,0.27771435376984377,0.010066457148440046,-0.5278559403427658,0.05037719006018623,0.6911421605812876,0.08368716169201736
r2800_c400,5,4,1,0.009599999999977628,0.5006797572968483,0.10665977412209811,0.5733642675659102,0.8575292501531049,0.9992095338945979,0.13979040271764245,4.43218033436645,0.14687386494728827,0.2346108088072727,-0.321882866409892,0.8124739273025433,0.4237440219449978,0.02813301977739727,-0.4012332287586477,0.3108539491925792,0.49078365820324005,0.03557185645974235,-0.16789847461392385,0.17166461150221105,0.20796664123192005,0.0010007437413006683,-0.6566867033816631,0.2158537898820749,0.7901613549966306,0.052204493613396546
r2800_c800,5,5,0,0.009599999999977628,0.5006797572968483,0.043284628809544035,0.11179380890020972,0.9458903611864411,0.9989108646061237,0.868839969774569,2.193674435595999,0.7749654190166071,1.9391295487190603,-0.22473746312949452,0.2234611532219664,0.30176434893921195,0.03396130517840676,-0.39339856982361004,0.14040279740013759,0.6549846696664721,0.2361226426382994,-0.1594018466490313,0.04731333585032772,0.19765102240706778,0.008019033126171166,-0.598141265873648,0.1465880189142429,0.8216122173688392,0.17781309182279195
r3200_c2000,5,5,0,0.009599999999977628,0.5006797572968483,0.34318087688401444,0.5494605279845648,0.4447502970318258,0.8443480725942654,-0.02011450768284458,0.6119074325506217,-0.8553334413656684,-0.8888976972518337,-0.3098634548303382,0.3986056998752548,0.7632351927766765,0.3990889228442865,-0.13225204493388015,0.07656487119712241,0.32448288427377275,0.16406891600163587,-0.15220804837290036,0.10779324284538479,0.24765675673142495,0.06547808695932257,0.19919692796247335,0.16207507647858652,0.4976689134699273,0.6947926254219844
r3200_c2400,5,5,0,0.009599999999977628,0.5006797572968483,0.08702844206495962,0.3080271404810772,0.8487971611173543,0.9649545919182552,-0.1557107949367496,0.28064537173901843,-0.16137349319551753,-0.19729017175677122,-0.16493466829093228,0.13003223788385238,0.410724822530851,0.18942748768423445,-0.16812545290730477,0.19581510203031005,0.3495162185167697,0.15551094714589486,-0.09309602027028431,0.024230320331754946,0.1435549868219544,0.02945804802524263,0.32921290979051054,0.05461283815633873,0.5945055760449804,0.9438410414636007
r3200_c2800,5,5,0,0.009599999999977628,0.5006797572968483,0.0816749934022448,0.31841753988115157,0.7145136841777,0.7694990721058914,-1.028486154419257,1.3396381927945424,-0.4123247611344931,-1.7028833272525177,-0.08955718451518825,0.27976214172566716,0.562986478009545,0.4815326804161224,-0.22625752911231162,0.15967809382079684,0.3727585343307937,0.08771481153586316,-0.14133841889024382,0.07487136600402518,0.20985801439089363,0.042237548311059206,0.1464738640577147,0.18908865881476983,0.4719933677118436,0.6050401450392396
r3200_c800,5,4,1,0.009599999999977628,0.5006797572968483,-0.009863143021580112,0.1273211007509352,0.9850369029313499,0.9779339413165824,-0.47780562326393733,0.7334922993484814,1.4148905583703186,1.1621930134474974,0.01034588801055728,0.11674381359616309,0.17602639505402834,0.1812598133302491,-0.26785627156390274,0.43676000668406945,0.7245309747041618,0.5794761166596039,-0.03288871914146838,0.09869996892473094,0.127536575582155,0.10503573273505744,0.16092970920670005,0.1808913992404568,0.5330319207323683,0.6623164160916015
