chunk,band,r_lo,r_hi,r_mid,fit_success,usable,b2,rms_resid,n_fit,b2b1,se_b2b1,b1,se_b1,pa2d,se_pa2d,alpha,se_alpha,n_ok_jk
r1600_c2000,0,0.009599999999977628,0.03821828837304668,0.01915451822365661,True,True,0.12623703224719196,1.4705938994051158,2050,0.45800151430653746,0.1162663955552469,0.27562579664900916,0.08314642718946988,10.091569976061626,5.7935297811739215,0.6151497522362038,0.0835584083897504,4
r1600_c2000,1,0.01915451822365661,0.0762555105333533,0.03821828837304667,True,True,0.24918369553726671,1.1007126867675598,8360,0.3938485525441037,0.16706720387453322,0.6326891235924061,0.29083665569508543,10.122900877054693,5.1080590576642075,0.6590221919152774,0.06399802442346943,4
r1600_c2000,2,0.03821828837304668,0.15214974647591234,0.07625551053335333,True,True,0.2584103416643627,1.0970159829970114,33460,0.33765233177401727,0.25592086729935615,0.7653148441376991,0.20300861080314692,7.631981961970193,3.3650951926913732,0.7503970886481712,0.14345662518141358,4
r1600_c2000,3,0.07625551053335335,0.30357865537545703,0.15214974647591237,True,True,0.20522016706126836,1.280836220543416,132360,0.22519340623311732,0.17547749641687757,0.9113062877552778,0.3829259840512738,5.493886143363285,128.6755281017024,0.731158508588449,0.2529915911435282,4
r1600_c2000,4,0.1521497464759124,0.45254833996038263,0.26240258229115665,True,True,0.2006363524204884,1.3588188035347029,164355,0.1820046151563606,0.09209510733759463,1.102369586881746,1.2137251592681981,5.0638105476199335,129.0789632471771,0.721582946542652,0.31568328850176813,4
r1600_c2400,0,0.009599999999977628,0.03821828837304668,0.01915451822365661,True,True,0.1134698008386576,1.6231121694079997,2050,0.5826249062381542,0.06000175808509121,0.19475617953118468,0.017458116978197453,15.613937640544595,8.559952259108778,0.6041352782415846,0.00727126446880005,4
r1600_c2400,1,0.01915451822365661,0.0762555105333533,0.03821828837304667,True,True,0.23348748840973482,1.131086867273543,8360,0.5056338334053051,0.062034407518702275,0.46177188507592676,0.06517321663352953,14.260741343062447,8.005632324264223,0.5731323687305362,0.011677847700876364,4
r1600_c2400,2,0.03821828837304668,0.15214974647591234,0.07625551053335333,True,True,0.13394479826603717,0.9222215533197069,33460,0.4038232346483898,0.04001586991856981,0.3316916580658449,0.5138412947128931,10.235919995528826,6.788999851326333,0.5060165569396883,0.06584609999563724,4
r1600_c2400,3,0.07625551053335335,0.30357865537545703,0.15214974647591237,True,True,0.1725052948216107,0.8725355294134717,132360,0.22606190768858805,0.08102213235189874,0.7630887334598877,0.35426973564204955,6.321881276301474,4.399379717563532,0.36035505661658984,0.11981149014734199,4
r1600_c2400,4,0.1521497464759124,0.45254833996038263,0.26240258229115665,True,True,0.24190552638686594,0.8803380350270368,164355,0.12433144004997589,0.1305850812060115,1.945650483012425,1.5638942157666682,5.947333568268052,5.371482882389304,0.29129620183045335,0.10579168935770272,4
r2000_c2400,0,0.009599999999977628,0.03821828837304668,0.01915451822365661,True,True,0.037441769075658535,1.608714571800025,2050,0.5641825538843357,0.0871300783121346,0.06636463466988834,0.063288261958665,5.811030392820916,4.211552751946049,0.6385331999887003,0.06394147000517492,4
r2000_c2400,1,0.01915451822365661,0.0762555105333533,0.03821828837304667,True,True,0.05914999534123156,1.4926196879892064,8360,0.5447050386627937,0.09765787395254968,0.1085908723856125,0.051102863263029784,7.878491359978289,5.345807484699387,0.643746506259939,0.062446123073123486,4
r2000_c2400,2,0.03821828837304668,0.15214974647591234,0.07625551053335333,True,True,0.08002403664641566,1.3032176722812507,33460,0.5894000225575223,0.13778370015133032,0.13577202847596725,0.04913648248419934,8.80587808546107,8.88269398230669,0.5816791024900109,0.15385063041305708,4
r2000_c2400,3,0.07625551053335335,0.30357865537545703,0.15214974647591237,True,True,0.03664566274493574,1.1798446435596837,132360,0.8102218640507992,0.17094042581671148,0.045229170392565625,0.058817464397961615,7.305710557985838,17.060441696673944,1.8769624648785372,0.4163397909495165,4
r2000_c2400,4,0.1521497464759124,0.45254833996038263,0.26240258229115665,True,False,5.905505245575639e-09,1.214469910393228,164355,1.4097065242951774e-09,0.12911415110171154,4.189173522147287,0.8581025346180867,0.34032061132204666,7.120162337381762,0.0010000000004740425,0.05205298421531892,3
r2000_c2800,0,0.009599999999977628,0.03821828837304668,0.01915451822365661,True,True,0.03531579978206094,3.1537630958634106,2050,0.4579602967550211,0.1288091791547598,0.0771154181537108,0.028384705189934575,6.994962578879679,5.62776806634335,0.8781933190123954,0.02656388608784875,4
r2000_c2800,1,0.01915451822365661,0.0762555105333533,0.03821828837304667,True,True,0.048057315094155804,2.570624403775534,8360,0.41812068569622585,0.16408311599368164,0.11493646867562667,0.05202753145691675,7.390821888186396,5.790953712849828,0.8361838693686521,0.0978902105223466,4
r2000_c2800,2,0.03821828837304668,0.15214974647591234,0.07625551053335333,True,True,0.04305327124286599,2.0808529611295175,33460,0.38482629630203596,0.23927728414999946,0.11187715511279682,0.07729782133951275,7.955785649777412,5.970370868045033,0.8962069891267567,0.2272618619284003,4
r2000_c2800,3,0.07625551053335335,0.30357865537545703,0.15214974647591237,True,True,0.04529746735654178,1.5960515153894324,132360,0.26892730319384034,0.4892895061976087,0.16843759193870986,0.13662524605299023,8.732764017592771,6.848152960004363,0.5388631708569671,0.09860746375967758,4
r2000_c2800,4,0.1521497464759124,0.45254833996038263,0.26240258229115665,True,True,0.0591591939502105,1.4696678891676416,164355,0.15963427076191822,0.09430560933268672,0.3705920643972604,2.201630213433831,10.811347374573872,116.0778954128639,0.16335395528959593,0.13036289249787059,4
r2000_c3200,0,0.009599999999977628,0.03821828837304668,0.01915451822365661,True,True,0.09983324811216021,2.3788750164844386,2050,0.28080072698048436,0.024686454032125757,0.3555305899158111,0.19090766770440346,3.8417423157741024,3.577953451743298,0.64596005655035,0.09158495754859876,4
r2000_c3200,1,0.01915451822365661,0.0762555105333533,0.03821828837304667,True,True,0.1961418600810643,1.9469599511735791,8360,0.23313314794330176,0.015599729942402966,0.8413297800481218,0.6790658803478884,3.9848832547498367,4.164071477788904,0.607921665570478,0.09820150978391581,4
r2000_c3200,2,0.03821828837304668,0.15214974647591234,0.07625551053335333,True,True,0.11184718438217597,1.6101873480224138,33460,0.21392246640125986,0.026449604031239277,0.5228398225943288,0.11748000362635623,3.514268370148009,4.699353943224257,0.593058100090107,0.08609121469515413,4
r2000_c3200,3,0.07625551053335335,0.30357865537545703,0.15214974647591237,True,True,0.8975137498796196,1.699036511555673,132360,0.17778784828912853,0.08464166439885902,5.048228877937893,3.008820153566291,3.899314172546106,129.7710203707284,0.5111484001911907,0.17057391865158839,4
r2000_c3200,4,0.1521497464759124,0.45254833996038263,0.26240258229115665,True,True,0.9223398190022042,1.7812451581771984,164355,0.24070706226162245,0.13536431021317258,3.831793759336072,0.4654302096190046,4.995817346686306,125.45608422180753,0.624897279194433,0.15451300676065352,4
r2000_c3600,0,0.009599999999977628,0.03821828837304668,0.01915451822365661,True,True,0.10659471748456191,3.0939553980608756,2050,0.24523009602696008,0.07962111933935662,0.43467224949764366,0.11015864246484744,9.56340086132077,2.16150034334416,0.5750736091653388,0.15579276432074488,4
r2000_c3600,1,0.01915451822365661,0.0762555105333533,0.03821828837304667,True,True,0.20271713825230747,2.532402687598103,8360,0.1955634299585606,0.08211772124806685,1.0365799899053862,0.23270259706425864,9.411175385330932,2.6069911857449806,0.6241767576021646,0.13080347144067328,4
r2000_c3600,2,0.03821828837304668,0.15214974647591234,0.07625551053335333,True,True,0.11953020206721589,2.0211889478002028,33460,0.14098813227093357,0.07670385699908089,0.8478032877087663,0.09513644879764431,9.124852492377261,2.7089783081536707,0.6150358178626331,0.11267540839521915,4
r2000_c3600,3,0.07625551053335335,0.30357865537545703,0.15214974647591237,True,True,0.343285228904626,1.7049031117471243,132360,0.12325886442182192,0.1265146389886303,2.785075381919958,1.8228120449474292,9.227944617786614,3.8327052099039904,0.6318569463629574,0.10662028486350399,4
r2000_c3600,4,0.1521497464759124,0.45254833996038263,0.26240258229115665,True,True,0.5065477065453584,1.5490529430650135,164355,0.12425318581724486,0.22164923191981292,4.076738179497492,13.00016517812376,9.025684337467773,5.488270805381123,0.5998831362597014,0.32189950295927533,4
r2400_c1200,0,0.009599999999977628,0.03821828837304668,0.01915451822365661,True,True,0.040910464730879365,2.955789754483745,2050,0.26333266174598424,0.03564228174321576,0.1553565913913952,0.027810066795835184,176.91651208688012,1.1825645279422763,0.6455085137107732,0.13012538216428385,4
r2400_c1200,1,0.01915451822365661,0.0762555105333533,0.03821828837304667,True,True,0.07423005676104892,2.4892324477228396,8360,0.20953067674965692,0.05319156786570719,0.3542682050788082,0.8680916088632662,176.74746458234995,1.6271687179409757,0.6089531612487097,0.08643754047110279,4
r2400_c1200,2,0.03821828837304668,0.15214974647591234,0.07625551053335333,True,True,0.17268355586816894,2.211879525641738,33460,0.174460554026123,0.06708035642521334,0.9898143269813989,0.2805427369951891,177.2525492309944,2.2366740349081544,0.597724782473317,0.10521923078817856,4
r2400_c1200,3,0.07625551053335335,0.30357865537545703,0.15214974647591237,True,True,0.5702620310061239,1.6635156999109475,132360,0.17585535286422427,0.07637427690715551,3.24279029166895,0.5025066575850216,177.6502280257363,129.45420349054407,0.5723075468892016,0.0854379453557836,4
r2400_c1200,4,0.1521497464759124,0.45254833996038263,0.26240258229115665,True,True,0.4483107013708369,1.4209973072636355,164355,0.22683915592405096,0.11377709138051265,1.9763373723755957,0.6292016691901834,176.90951810525158,126.5615731007162,0.7154766988858475,0.2303130621615561,4
r2400_c1600,0,0.009599999999977628,0.03821828837304668,0.01915451822365661,True,True,0.11667335004380508,2.3606535342394217,2050,0.279303051378582,0.02727507997949416,0.41773030931072747,0.03917933426057316,4.45414163224126,1.6380713261838722,0.7112401565038596,0.12599462568362774,4
r2400_c1600,1,0.01915451822365661,0.0762555105333533,0.03821828837304667,True,True,0.201277275813571,1.695364710487336,8360,0.21050909725937741,0.02877354532244917,0.9561452613402665,0.370907678422072,4.389153631626651,1.984470748698729,0.7063384092359373,0.09252403156859954,4
r2400_c1600,2,0.03821828837304668,0.15214974647591234,0.07625551053335333,True,True,0.0995717901688037,1.2161065684975572,33460,0.14640029399095034,0.03020527239450449,0.6801338129482082,0.02725391930605116,4.442549968759101,2.206740651544496,0.6682042231702812,0.07934194367910288,4
r2400_c1600,3,0.07625551053335335,0.30357865537545703,0.15214974647591237,True,True,0.1113384152488619,0.994483919092499,132360,0.09321139623403625,0.03848946405579619,1.1944721326704744,0.0674044998708405,4.514279086778303,3.021296123267187,0.6084001319261539,0.05997777928901241,4
r2400_c1600,4,0.1521497464759124,0.45254833996038263,0.26240258229115665,True,True,0.1111856907995297,1.0333584634531021,164355,0.0639974772252873,0.05150928778085735,1.7373449020205587,7.618038259065275,4.318191410689692,3.7040909270965883,0.5964619924115272,0.37740643698709,4
r2400_c2000,0,0.009599999999977628,0.03821828837304668,0.01915451822365661,True,True,0.037542390755898665,3.185206517904997,2050,0.337702257321897,0.055481949637502866,0.11117009123250647,0.008780558221818275,9.987125324017425,2.918463946060446,0.6780490097522315,0.10297574603456298,4
r2400_c2000,1,0.01915451822365661,0.0762555105333533,0.03821828837304667,True,True,0.08622623092159301,2.5355084525260057,8360,0.2685585280612809,0.08333445858759812,0.3210705373761861,0.19181844622441505,9.94326460657839,3.9464166413134194,0.6166497669788166,0.04359368930028129,4
r2400_c2000,2,0.03821828837304668,0.15214974647591234,0.07625551053335333,True,True,0.3953279485566473,1.6864544236802725,33460,0.2413208813339846,0.1275804832418218,1.638183759197859,0.9837867499076942,10.559041914482425,5.1105514442319295,0.5353524788361426,0.08110828772913767,4
r2400_c2000,3,0.07625551053335335,0.30357865537545703,0.15214974647591237,True,True,0.2574512164863455,0.9163781452813969,132360,0.2214635802690283,0.22497642030634327,1.1624991168913659,0.8974418449296163,11.938369904874076,7.017129053949977,0.5451637653373,0.12222631709275326,4
r2400_c2000,4,0.1521497464759124,0.45254833996038263,0.26240258229115665,True,True,0.26621912534559455,0.921522427517754,164355,0.2043467753948568,0.2718223037134104,1.302781141670489,1.423382054989497,13.320555100999625,8.674867953570466,0.5283965914444256,0.2685771941082266,4
r2400_c2400,0,0.009599999999977628,0.03821828837304668,0.01915451822365661,True,True,0.03660687296571487,3.138852656163501,2050,0.8497204072345443,0.1294888996509355,0.04308108014594316,0.008050666327444288,171.7610707486754,106.06247126108603,0.6299733820981198,0.09893737975797279,4
r2400_c2400,1,0.01915451822365661,0.0762555105333533,0.03821828837304667,True,True,0.10063113248806763,2.155144946714807,8360,0.8780345821803,0.08204572258027779,0.11460953193686799,0.18827643447608838,163.98215843644581,66.10106412494015,0.6719843848919501,0.1393266716513883,4
r2400_c2400,2,0.03821828837304668,0.15214974647591234,0.07625551053335333,True,True,0.5146580107259258,1.9343268734374612,33460,0.8243377652489365,0.12984751828146393,0.6243290462017198,0.33166933371146623,170.26048744867634,65.34662380287033,0.5171267210862492,0.1061982316795397,4
r2400_c2400,3,0.07625551053335335,0.30357865537545703,0.15214974647591237,True,True,0.8603366849533028,1.7411710332041042,132360,0.5374110444913139,0.16053696856292163,1.6008913359189592,0.4779847079346568,162.20720263330676,37.91320944459844,0.415759051654383,0.0746713717437145,4
r2400_c2400,4,0.1521497464759124,0.45254833996038263,0.26240258229115665,True,True,1.0784351991984513,1.6578871298226086,164355,0.3476211809364365,0.14361382586289098,3.1023287945035953,1.1034009838780143,156.32719994915715,18.360791405832433,0.39219036616643366,0.15427378742426623,4
r2400_c2800,0,0.009599999999977628,0.03821828837304668,0.01915451822365661,True,True,0.03492508328708152,4.281688804739967,2050,0.503565282848187,0.09801919998026984,0.06935562175681322,0.011108652158851122,159.04475839644726,4.401284697845985,0.8313772455165702,0.03142645768595421,4
r2400_c2800,1,0.01915451822365661,0.0762555105333533,0.03821828837304667,True,True,0.049067085433939284,3.379005353485834,8360,0.4628106710295987,0.11151920232729745,0.10601977980495016,0.03413503741873665,158.03116934233725,5.1255953639474665,0.7868919843661042,0.031238281427392232,4
r2400_c2800,2,0.03821828837304668,0.15214974647591234,0.07625551053335333,True,True,0.055517593966142434,2.9178053277844156,33460,0.4433180721867565,0.16932168041728854,0.1252319665027203,0.08495149076104327,155.18099630480626,5.61260281005622,0.6724043940612535,0.26791700807229135,4
r2400_c2800,3,0.07625551053335335,0.30357865537545703,0.15214974647591237,True,True,0.035777653830489,2.18811591887287,132360,0.4000144638647551,0.2877755011833774,0.08944090042350425,1.5866266617254048,153.17032625443417,118.72026989793821,0.7428237942342323,0.12170426317333388,4
r2400_c2800,4,0.1521497464759124,0.45254833996038263,0.26240258229115665,True,True,1.1708213993642853,1.7755369836052661,164355,0.30506546529313733,0.24713815304576364,3.8379349109190164,1.5933071764738007,15.26547312217483,111.78876618878078,0.07688019738608828,0.05119915427132746,4
r2400_c3200,0,0.009599999999977628,0.03821828837304668,0.01915451822365661,True,True,0.03260145499553891,3.671553301540718,2050,0.2824277759329363,0.030973928394114413,0.11543289213621917,0.010423117857800855,174.64178914058186,2.444149113641516,0.8399747809894362,0.05971846341822009,4
r2400_c3200,1,0.01915451822365661,0.0762555105333533,0.03821828837304667,True,True,0.052091899090073064,2.5922201656793114,8360,0.23332612157557625,0.03530622048805387,0.22325789645116983,0.05938470656866541,174.27765853654716,2.7817853794096394,0.7833663043106326,0.08174235709693875,4
r2400_c3200,2,0.03821828837304668,0.15214974647591234,0.07625551053335333,True,True,0.05890642414558695,1.727069626508006,33460,0.21806145817016148,0.046205778557646286,0.2701367983131621,0.0789712281476402,173.77810009976375,3.531287183381015,0.7056134961843753,0.08662371005559467,4
r2400_c3200,3,0.07625551053335335,0.30357865537545703,0.15214974647591237,True,True,0.05745260618454704,1.2390056913984107,132360,0.2049269762432751,0.07955451112339605,0.28035648228344173,0.1731337565438855,173.29311285266053,4.303186312561572,0.6987051597033407,0.27599389701591703,4
r2400_c3200,4,0.1521497464759124,0.45254833996038263,0.26240258229115665,True,True,0.03804812805769627,1.2393760956250424,164355,0.17941658133614038,0.18856832306258825,0.21206584014892346,1.8038946101749833,172.66100086894238,19.583327672531194,0.7664495252621922,0.3420125618481388,4
r2400_c3600,0,0.009599999999977628,0.03821828837304668,0.01915451822365661,True,True,0.028607743919935112,3.8817835978786173,2050,0.236803112644435,0.05858874627237152,0.12080814141531264,0.026638828507353097,7.689995287638079,1.456410250461237,0.7850988783097465,0.03411353693048026,4
r2400_c3600,1,0.01915451822365661,0.0762555105333533,0.03821828837304667,True,True,0.03201220174350223,2.653409016512337,8360,0.1818503565861582,0.05848750384814824,0.17603595805068048,0.05317444214995752,8.275445607991498,1.6723649434842394,0.7461499271229534,0.03584275573740969,4
r2400_c3600,2,0.03821828837304668,0.15214974647591234,0.07625551053335333,True,True,0.03268597526724198,2.2098131483746846,33460,0.14429036524446315,0.06152884944521509,0.22652916022399655,0.09894370387135693,8.708405014406432,1.9453183080642533,0.6974306743388528,0.12792051781836306,4
r2400_c3600,3,0.07625551053335335,0.30357865537545703,0.15214974647591237,True,True,0.0469008679457973,1.7878676162056086,132360,0.12542886257541183,0.06255776494344943,0.37392404732681844,0.2586405515768444,9.516362631528352,2.22175086682643,0.5214780979266155,0.26330465552112614,4
r2400_c3600,4,0.1521497464759124,0.45254833996038263,0.26240258229115665,True,True,2.123286267105214,1.5981010733362844,164355,0.06425564665016695,0.24435729170018075,33.04435295259296,4.606672639922435,11.700254593905354,17.671984383325995,0.15755346487059158,0.05780085747856172,4
r2400_c4000,0,0.009599999999977628,0.03821828837304668,0.01915451822365661,True,True,0.032093683853577575,4.1209420484270955,2050,0.208793890562877,0.01701093052706724,0.15370987995413954,0.008310850068929706,14.769239975046737,1.565928890277517,0.7637269427036556,0.030000608849263945,4
r2400_c4000,1,0.01915451822365661,0.0762555105333533,0.03821828837304667,True,True,0.03866547577672997,2.9376395559098802,8360,0.1636473255487926,0.012006147800299372,0.23627319082096201,0.03391068389697402,15.064306441823708,1.4705463498810845,0.7341221164966513,0.058555106860027344,4
r2400_c4000,2,0.03821828837304668,0.15214974647591234,0.07625551053335333,True,True,0.04044348377882579,2.4284416888790936,33460,0.14141300452092975,0.01243889885136183,0.285995505970881,0.0760859067591061,15.264958703947057,1.552515122481385,0.6630384325170535,0.12662309467710844,4
r2400_c4000,3,0.07625551053335335,0.30357865537545703,0.15214974647591237,True,True,0.03824053655776584,2.002409553072387,132360,0.12267316454748994,0.03878161229682192,0.3117269917901396,0.21569622040005598,15.553005304015812,2.0399424541666673,0.607916550497696,0.22904439578671867,4
r2400_c4000,4,0.1521497464759124,0.45254833996038263,0.26240258229115665,True,True,0.0195229274635896,1.8492576105658587,164355,0.12350102436779335,0.08784138408470551,0.1580790731374759,0.16551704519593693,15.953133263376182,3.5863057230393496,0.9336531166695522,0.1672974111460955,4
r2400_c4400,0,0.009599999999977628,0.03821828837304668,0.01915451822365661,True,True,0.09654828105106834,2.7341804932192213,2050,0.22774390491769783,0.025233530131443825,0.4239335453827359,0.1776969997595204,14.22913919603561,1.9111631803319482,0.717069354613134,0.023660535941092155,4
r2400_c4400,1,0.01915451822365661,0.0762555105333533,0.03821828837304667,True,True,0.06240614685642514,1.859961198119078,8360,0.18238444800329146,0.034098279539560725,0.34216813735839424,0.09182371413962662,14.336249449731705,1.85699726345445,0.6943058172923593,0.02424778406808904,4
r2400_c4400,2,0.03821828837304668,0.15214974647591234,0.07625551053335333,True,True,0.083402955202223,1.824013961607817,33460,0.1511787316557275,0.06440002735918748,0.5516844485251589,0.5499214140434532,14.032452484704212,1.9126940902084237,0.66453763953967,0.1142809615097811,4
r2400_c4400,3,0.07625551053335335,0.30357865537545703,0.15214974647591237,True,True,0.1149912085676152,1.6225210852423244,132360,0.1322590799029318,0.1186140488008623,0.8694390483587977,1.4266192059009526,13.365092247754742,2.3966002722561504,0.5747728077660912,0.16040378254465112,4
r2400_c4400,4,0.1521497464759124,0.45254833996038263,0.26240258229115665,True,True,0.11667276839685888,1.5617007487229593,164355,0.13995056901153033,0.1539500742616558,0.8336712685122871,1.2878195096300538,12.860984110183892,3.0202382774946495,0.575737552508323,0.12711885240976017,4
r2400_c800,0,0.009599999999977628,0.03821828837304668,0.01915451822365661,True,True,0.08785294552374072,3.7938011026036325,2050,0.2109675579393115,0.031755074566067465,0.4164286982409549,0.1673172208806594,171.7635887887587,1.2792340454673277,0.5458376770168816,0.14212430415139324,4
r2400_c800,1,0.01915451822365661,0.0762555105333533,0.03821828837304667,True,True,0.049315839957045464,3.564392867719238,8360,0.14789250331057543,0.05119605377137801,0.33345733457146104,0.03540415934493872,171.3091134202163,1.3822082964342737,0.5167002032277356,0.12115104211421958,4
r2400_c800,2,0.03821828837304668,0.15214974647591234,0.07625551053335333,True,True,0.41058909903303126,2.6843921285212224,33460,0.09766648861000489,0.09772838874187337,4.203991613464956,13.367824088381465,171.47925168707434,2.33863945117871,0.41628022802884623,0.11809046757153571,4
r2400_c800,3,0.07625551053335335,0.30357865537545703,0.15214974647591237,True,True,0.5726510234076252,2.122739071958883,132360,0.18635496227641085,0.05185565809963028,3.0729046139283427,0.5019828429999089,172.81428020823017,5.339546209711177,0.6996897445190964,0.05563438993784238,4
r2400_c800,4,0.1521497464759124,0.45254833996038263,0.26240258229115665,True,True,0.4200442103292079,1.7341693312052624,164355,0.234401648470704,0.04067065652799386,1.7919848818030215,0.4043365261216704,173.15012165880626,6.247771799840226,0.9296321539815795,0.11141134903228729,4
r2800_c1200,0,0.009599999999977628,0.03821828837304668,0.01915451822365661,True,True,0.02755947088293062,6.157460001637426,2050,0.229469022688068,0.039396001483854665,0.12010105137543546,0.02168982063062148,178.29860567686737,0.9527035204321841,0.9177826079208883,0.04065834429986101,4
r2800_c1200,1,0.01915451822365661,0.0762555105333533,0.03821828837304667,True,True,0.02949151444913966,4.0402278616013945,8360,0.1698879341125088,0.04912586510825214,0.1735939318068864,0.08367984335208899,177.63257961417557,1.1308509310829071,0.9213724867516009,0.16048739338276977,4
r2800_c1200,2,0.03821828837304668,0.15214974647591234,0.07625551053335333,True,True,0.12625098944780389,3.1184307880266067,33460,0.12386070089625685,0.08564573751191937,1.019298199786138,1.039409725642341,176.90115541436387,1.2578957149478234,0.5496941603407375,0.09235917745094539,4
r2800_c1200,3,0.07625551053335335,0.30357865537545703,0.15214974647591237,True,True,0.17210308283660966,2.316658439475911,132360,0.14940466527048607,0.05771950223529791,1.1519257616556335,0.669547887436629,175.7301792024013,0.9643911386028176,0.4754427552748091,0.06894440452464537,4
r2800_c1200,4,0.1521497464759124,0.45254833996038263,0.26240258229115665,True,True,0.1559540790250981,2.008696136575258,164355,0.16602704704083535,0.02635576103621091,0.939329355094416,0.343498959253406,175.1612352510498,0.6336277164684768,0.5080781156274765,0.1265956819791916,4
r2800_c1600,0,0.009599999999977628,0.03821828837304668,0.01915451822365661,True,True,0.027957449051337364,6.582582378425719,2050,0.3108466992407576,0.011393098565917319,0.08993966839481768,0.014149879152941108,11.635060425961507,0.9774864424668988,0.8946224485064133,0.07551617794302164,4
r2800_c1600,1,0.01915451822365661,0.0762555105333533,0.03821828837304667,True,True,0.033109437326040166,4.292889089139156,8360,0.27357449795050814,0.024594055889953854,0.12102530599189816,0.09699730939414174,12.58753826674731,0.9542773777639507,0.9383443184598667,0.2234470278085709,4
r2800_c1600,2,0.03821828837304668,0.15214974647591234,0.07625551053335333,True,True,0.06097839420871715,2.989318860718068,33460,0.2215401087404956,0.05204330982233541,0.27524764953575576,0.17833040500415534,13.038579662167626,1.3882098059273038,0.5925698374117888,0.28249232843911803,4
r2800_c1600,3,0.07625551053335335,0.30357865537545703,0.15214974647591237,True,True,0.8841179332567316,2.120946885429987,132360,0.1660710092387265,0.07821681208671899,5.323734330931988,2.189254551272369,12.292785836985171,2.8341317026775976,0.30635173698671975,0.09788000419164916,4
r2800_c1600,4,0.1521497464759124,0.45254833996038263,0.26240258229115665,True,True,1.1178421430038703,1.8533470080385086,164355,0.280828386690934,0.17628333940588647,3.9805169134632843,2.771510162455128,12.202527864129987,4.585600983495186,0.42791692192054687,0.1291178629410603,4
r2800_c2000,0,0.009599999999977628,0.03821828837304668,0.01915451822365661,True,True,0.02968123591387577,7.70104475966569,2050,0.42853889487589847,0.053914222078044485,0.0692614749064288,0.007339900557417103,14.165604075285719,2.5770008565344336,0.9821507294261961,0.05445622827049417,4
r2800_c2000,1,0.01915451822365661,0.0762555105333533,0.03821828837304667,True,True,0.04118850132137667,5.259840915622803,8360,0.4015356790297561,0.06496107329646954,0.10257743825132004,0.0566879209572081,15.564619602904667,3.5921580541287854,1.0048415358277545,0.15596279867444995,4
r2800_c2000,2,0.03821828837304668,0.15214974647591234,0.07625551053335333,True,True,0.07448801240786979,3.625214921406939,33460,0.3966610409900827,0.07317233176486575,0.18778756850419331,0.4426680747870551,20.03907314590652,5.851314231228559,0.7892637708687699,0.18864902757580157,4
r2800_c2000,3,0.07625551053335335,0.30357865537545703,0.15214974647591237,True,True,0.2477920527710709,2.271887979034774,132360,0.27359173158256506,0.03752916201723385,0.9057000784992353,2.350755721731057,29.553136428476595,5.773950645536395,0.35396755722192463,0.07464685558585278,4
r2800_c2000,4,0.1521497464759124,0.45254833996038263,0.26240258229115665,True,True,0.2737688962523675,1.9146155833188487,164355,0.19486126360016098,0.136591723552835,1.4049426304353563,2.482156215540156,32.529789653262995,4.449298868422209,0.3151563993744074,0.13640732696053967,4
r2800_c2400,0,0.009599999999977628,0.03821828837304668,0.01915451822365661,True,True,0.03342483791601613,3.4514482110940152,2050,0.6429718846962826,0.07261845296570073,0.051984913666644775,0.02132173309905754,170.69141274339728,124.70597229146198,1.1730697115357276,0.09785695896136282,4
r2800_c2400,1,0.01915451822365661,0.0762555105333533,0.03821828837304667,True,True,0.10566646586063794,2.785969345850367,8360,0.598075823429508,0.09057595618234186,0.17667737387330165,0.136186722416044,171.2936016021178,124.92871142103361,0.8528762577172043,0.026571071677254605,4
r2800_c2400,2,0.03821828837304668,0.15214974647591234,0.07625551053335333,True,True,1.0874431205494943,2.3627475574539836,33460,0.5064521264097037,0.10900482393706448,2.1471785067988582,1.1855826760418253,170.77453933479921,11.25580300624502,0.5978135480372568,0.07073019883482533,4
r2800_c2400,3,0.07625551053335335,0.30357865537545703,0.15214974647591237,True,True,0.552842608717911,1.7908592293475174,132360,0.33644383330873046,0.1422036167968565,1.6431943581221977,6.886073679144725,172.6916533282237,6.72215997526379,0.39377542372628516,0.16769815888213085,4
r2800_c2400,4,0.1521497464759124,0.45254833996038263,0.26240258229115665,True,True,1.049627850984822,1.5964281182991935,164355,0.3107001053885798,0.27193041414485186,3.3782668006246594,2.002557850962904,172.74102921037078,128.63004647897174,0.3230853062197471,0.26989609588608293,4
r2800_c2800,0,0.009599999999977628,0.03821828837304668,0.01915451822365661,True,True,0.03597699546652121,2.445908582863912,2050,0.5205739492291561,0.09004206686121187,0.06911024940797444,0.013748388117675748,152.80804678512584,1.1940173784905859,0.8239827182677689,0.03900447889571781,4
r2800_c2800,1,0.01915451822365661,0.0762555105333533,0.03821828837304667,True,True,0.09475517736783536,1.8003859602977452,8360,0.4235709680425766,0.0894167270121356,0.22370555235577602,0.5200764798398808,150.266273695737,1.368611707548788,0.6866443287171008,0.060983739697253715,4
r2800_c2800,2,0.03821828837304668,0.15214974647591234,0.07625551053335333,True,True,0.0984480742431735,1.5393576539891514,33460,0.38475246104649946,0.10808065975917965,0.255873799937242,0.11134132462328798,145.21651428604488,7.579237791694489,0.5890058983536435,0.06027386447225148,4
r2800_c2800,3,0.07625551053335335,0.30357865537545703,0.15214974647591237,True,True,0.8214909111614693,1.4775319258909376,132360,0.38899316577780224,0.09639095582960248,2.1118389304317886,1.967166492662722,119.76371761642363,21.45883813162277,0.3934279294614653,0.06686916787898593,4
r2800_c2800,4,0.1521497464759124,0.45254833996038263,0.26240258229115665,True,False,4.620573302792387e-06,2.0826010842746143,164355,5.670985701679995e-07,0.052639257506918,8.147742819072123,0.4763262264048518,179.71305075573582,5.707355866851337,0.0010000000004682453,0.0686373677551359,2
r2800_c3200,0,0.009599999999977628,0.03821828837304668,0.01915451822365661,True,True,0.033502121809129405,3.1921753296342454,2050,0.4316001925805863,0.0264781730822789,0.07762304647923449,0.00580834716250337,160.31806392095064,3.9810306301959515,0.8011154274734147,0.028267143266776977,4
r2800_c3200,1,0.01915451822365661,0.0762555105333533,0.03821828837304667,True,True,0.04744013366409228,2.259294591682076,8360,0.3511056254983678,0.019083517621063188,0.13511641574171476,0.01839959555199439,159.4151279711463,4.623498892057511,0.6835687223137796,0.031329725318699875,4
r2800_c3200,2,0.03821828837304668,0.15214974647591234,0.07625551053335333,True,True,0.0725294753782735,1.6180757518223943,33460,0.25944977993094026,0.026200160243138204,0.27955111543197003,0.10425055465842775,158.89160260655754,5.752019843394279,0.4292859251182802,0.15277942659771623,4
r2800_c3200,3,0.07625551053335335,0.30357865537545703,0.15214974647591237,True,True,0.04306132740323604,1.2885909845560855,132360,0.23556843868113564,0.05852003312382826,0.18279752433866428,0.30212784886809385,157.16833299664324,9.836967322647663,0.5490638773519246,0.1850126669111919,4
r2800_c3200,4,0.1521497464759124,0.45254833996038263,0.26240258229115665,True,True,0.17977292987064689,1.1701459867778439,164355,0.30826331396271883,0.04013027607284329,0.5831797743288665,4.000670072070701,151.87930117078704,14.284981692066552,0.18474359202318358,0.0694691063091513,4
r2800_c3600,0,0.009599999999977628,0.03821828837304668,0.01915451822365661,True,True,0.036142809406799446,2.6945020538317106,2050,0.596983215389425,0.032720398377319646,0.060542421420043964,0.004805813483022296,166.0754846378229,4.671102669459521,0.7167303050587844,0.051478299648189986,4
r2800_c3600,1,0.01915451822365661,0.0762555105333533,0.03821828837304667,True,True,0.0539548159199744,1.693323086945483,8360,0.5399552548060695,0.031156235918423154,0.09992460567747011,0.010381952272433909,165.63995269777615,6.677905562389342,0.7112361021123998,0.07002391592810679,4
r2800_c3600,2,0.03821828837304668,0.15214974647591234,0.07625551053335333,True,True,0.07134702016599262,1.3367060733137281,33460,0.5327097251847371,0.07538628683483942,0.13393226515857273,0.04923568155853456,167.64631452007825,9.254526803903671,0.5793226371527561,0.12726745521494182,4
r2800_c3600,3,0.07625551053335335,0.30357865537545703,0.15214974647591237,True,True,0.05283108231884897,1.3637178618478025,132360,0.5603860429196226,0.27850825115622785,0.09427622794386163,0.06278354872065757,175.6340548024114,120.6866052161252,0.8600430095667472,0.31822294567481757,4
r2800_c3600,4,0.1521497464759124,0.45254833996038263,0.26240258229115665,True,True,0.1344457402910192,1.3045704305863117,164355,0.05617630303257141,0.011618196580466608,2.3932820964218067,14.276609313972845,4.21636561818072,125.54819905188658,0.06139132842230426,0.012025062793302732,4
r2800_c400,0,0.009599999999977628,0.03821828837304668,0.01915451822365661,True,True,0.06677586068221175,8.075302230958778,2050,0.36560525017528894,0.030487480149124304,0.18264469848339474,0.09830643422801887,164.3425340371748,1.9115590293094693,0.7979462544708985,0.04984392965943373,4
r2800_c400,1,0.01915451822365661,0.0762555105333533,0.03821828837304667,True,True,0.0525166394461405,4.796522298574238,8360,0.28917517883597715,0.035505934533826465,0.18160839273113558,0.05807909059756678,162.96141013977595,1.8002293587472533,0.7267692501684969,0.043751141611014635,4
r2800_c400,2,0.03821828837304668,0.15214974647591234,0.07625551053335333,True,True,0.0651311856755194,3.0412607067124946,33460,0.22051424886700438,0.021294601994049294,0.29536044047113275,0.12638553148288528,162.48631054850293,1.539688984544452,0.5732490208800091,0.038478641607467966,4
r2800_c400,3,0.07625551053335335,0.30357865537545703,0.15214974647591237,True,True,0.06037312811499789,2.101790383631749,132360,0.11955579781654421,0.05846307294749383,0.5049786728673682,0.28949213134808494,162.4259150216924,2.7024195919970553,0.3658644383958536,0.13955423033232953,4
r2800_c400,4,0.1521497464759124,0.45254833996038263,0.26240258229115665,True,False,9.288851174570513e-09,1.9408175491739927,164355,3.764376523709823e-10,0.0445214249492573,24.675669705368037,0.43160068866574325,177.78488074856492,3.1001939041374302,0.0010000000007677496,0.07624424214780329,3
r2800_c800,0,0.009599999999977628,0.03821828837304668,0.01915451822365661,True,True,0.02909822927834476,5.940314661144968,2050,0.39651462946358,0.07982992731162636,0.07338500805811363,0.012183671834063077,174.6809821714937,3.43244657939886,0.92433864860972,0.028485440673128724,4
r2800_c800,1,0.01915451822365661,0.0762555105333533,0.03821828837304667,True,True,0.03494444433583738,4.269835948060737,8360,0.3684034422998213,0.08812043001826468,0.09485374001309739,0.04327845556873835,171.3564259913935,5.270017717462342,0.9759246338687415,0.1639223822358361,4
r2800_c800,2,0.03821828837304668,0.15214974647591234,0.07625551053335333,True,True,0.10834783415422511,3.3075630991745015,33460,0.35620381253168204,0.09197025973713426,0.3041737071373661,0.1468391075085961,164.95044462174786,6.425270480777647,0.5667089872488223,0.10098750151622683,4
r2800_c800,3,0.07625551053335335,0.30357865537545703,0.15214974647591237,True,True,0.12347173262908523,2.3090919045624934,132360,0.3110161334833508,0.07576589354413917,0.3969946229033642,0.20584949971962987,162.51821845855986,8.611885421606033,0.44720605981453043,0.11275257352087018,4
r2800_c800,4,0.1521497464759124,0.45254833996038263,0.26240258229115665,True,True,0.11785952274605441,1.8547731739799402,164355,0.29515484026458383,0.02337286471660962,0.3993142129751365,4.079556772248829,162.58084569699196,16.250273469837243,0.47088986530484034,0.2967200309010083,4
r3200_c2000,0,0.009599999999977628,0.03821828837304668,0.01915451822365661,True,True,0.113925323931187,3.532614539949004,2050,0.2615463102799712,0.12569850123104645,0.4355837549733968,0.16454556171644003,4.825580686462916,2.6782574328929183,0.5033746182607172,0.15233184894267213,4
r3200_c2000,1,0.01915451822365661,0.0762555105333533,0.03821828837304667,True,True,0.23263148923838856,3.066461456339609,8360,0.21420686431243363,0.1336763484225901,1.0860132329796934,0.44373725417551996,5.074586821964035,2.048036555626997,0.6479114034603045,0.15039827160183766,4
r3200_c2000,2,0.03821828837304668,0.15214974647591234,0.07625551053335333,True,True,0.3143529988448796,2.4625407324996598,33460,0.17405555090363894,0.1521903766884138,1.806049834164223,0.741442103437408,5.3209051412803055,1.378197580699734,0.7965141373981741,0.19412687792112945,4
r3200_c2000,3,0.07625551053335335,0.30357865537545703,0.15214974647591237,True,True,0.21018856482608386,2.058212582362856,132360,0.1162746841872116,0.19093057312521688,1.8076898363160752,1.545028784082969,5.725316961050756,1.275595495161801,0.8095392011382515,0.11117204804121614,4
r3200_c2000,4,0.1521497464759124,0.45254833996038263,0.26240258229115665,True,True,0.20216938657449146,1.8989925279018172,164355,0.11485778864372674,0.19837008698373695,1.7601713297963053,1.4216276735350182,5.946691691950643,1.4025420070636894,0.9041321765154772,0.3309358549168211,4
r3200_c2400,0,0.009599999999977628,0.03821828837304668,0.01915451822365661,True,True,0.14249418785120105,3.518357945372029,2050,0.1691570548906516,0.1386672401535289,0.8423780370455949,0.5954441454127092,0.09910304734299825,153.73847908501207,0.6022480703788576,0.17459058624391804,4
r3200_c2400,1,0.01915451822365661,0.0762555105333533,0.03821828837304667,True,True,0.25915269658934437,2.935791897024562,8360,0.13695715721242674,0.15505422561640358,1.8922172587693744,0.8615303892737153,0.021512601363374163,153.87172832123898,0.7212666857816055,0.15274599892256388,4
r3200_c2400,2,0.03821828837304668,0.15214974647591234,0.07625551053335333,True,True,0.2371523021127008,2.038848536284927,33460,0.10431817099041323,0.19344385373532594,2.2733556374804054,0.933777981238262,0.14528424425361725,154.58600848897046,0.8228258803466867,0.1395534405745318,4
r3200_c2400,3,0.07625551053335335,0.30357865537545703,0.15214974647591237,True,True,0.20163538708157303,1.6894389047141776,132360,0.08480743699955419,0.003110150840005821,2.377567277297072,0.03634514806607653,0.1953200143534171,0.03341027744756658,0.9392258386232648,0.030831509775590737,2
r3200_c2400,4,0.1521497464759124,0.45254833996038263,0.26240258229115665,True,True,0.190473192398995,1.6907500204546753,164355,0.0888757670863117,0.007282575964047966,2.1431397853817336,0.0278013655324848,0.2002088377858842,1.0833505178140583,1.0378651263620402,0.026269244952282,2
r3200_c2800,0,0.009599999999977628,0.03821828837304668,0.01915451822365661,True,True,0.12016862525029179,1.9025972623605667,2050,0.22541137633948047,0.09337701672086188,0.5331080764500191,0.16746508622282932,173.55413264435583,0.4431728520729211,0.47377176334563315,0.14834288235960563,4
r3200_c2800,1,0.01915451822365661,0.0762555105333533,0.03821828837304667,True,True,0.24298898741014388,1.8014701789603713,8360,0.19092628866926406,0.10961763102919064,1.2726848099533663,0.5067948371445693,173.33718087457743,0.4667268241370912,0.59199099671969,0.1349771837966522,4
r3200_c2800,2,0.03821828837304668,0.15214974647591234,0.07625551053335333,True,True,0.3478924086001438,1.4107118591431902,33460,0.16195433859744057,0.136200877921969,2.1480894652960023,0.9323034543077982,173.57045961283953,0.7294492276137279,0.7386921914659784,0.128773325995678,4
r3200_c2800,3,0.07625551053335335,0.30357865537545703,0.15214974647591237,True,True,0.18161309204329829,0.9846460370418985,132360,0.11381546827154643,0.19221427472042985,1.5956802252045128,1.5415779572184967,173.5202036710209,1.5053911121562487,0.7620156455647888,0.04158696161329144,4
r3200_c2800,4,0.1521497464759124,0.45254833996038263,0.26240258229115665,True,True,0.17285866884315373,0.8314411264983678,164355,0.11457953324142085,0.21386296754825526,1.5086347792928938,2.380398919632007,173.45233944479727,2.1779836100187993,0.8621435082828364,0.27397109994831215,4
r3200_c800,0,0.009599999999977628,0.03821828837304668,0.01915451822365661,True,True,0.03780347733042863,4.2479980718881665,2050,0.46827154280157135,0.10291567419972762,0.08072981993366131,0.015953546630112916,2.051155828031572,130.14429594970014,0.5483254389225753,0.12518719000281905,4
r3200_c800,1,0.01915451822365661,0.0762555105333533,0.03821828837304667,True,True,0.1368489606570094,3.2923216374334205,8360,0.39471236508529794,0.12514061530843595,0.34670553233729107,0.08165744883346394,2.1341393748841937,129.74718279026365,0.5049418763669316,0.2288951940929391,4
r3200_c800,2,0.03821828837304668,0.15214974647591234,0.07625551053335333,True,True,0.5255367984612677,2.4185449188214996,33460,0.30619165306809737,0.130009851554172,1.7163655285677812,0.43165601155872535,179.79242828783214,145.46335250303008,0.42411678406605063,0.05681126141181229,4
r3200_c800,3,0.07625551053335335,0.30357865537545703,0.15214974647591237,True,True,0.9781680760029521,1.8642628486381272,132360,0.25283990469147083,0.02556599511544043,3.868725062195252,0.16688702934967165,179.29212988447603,134.81260082757265,0.5321306773448465,0.02951743054535173,4
r3200_c800,4,0.1521497464759124,0.45254833996038263,0.26240258229115665,True,True,0.6968985031347276,1.6862970898408964,164355,0.30079602977923003,0.02840927736185812,2.3168474120028044,0.23489291484060298,179.90254080850545,128.79624339228454,0.7065767720305831,0.07176591340541189,4
