chunk,n_bands,n_ok,n_degenerate,r_min,r_max,slope_T,se_slope_T,T_first,T_last,slope_p,se_slope_p,p_first,p_last,slope_a2a1,se_slope_a2a1,a2a1_first,a2a1_last,slope_a3a2,se_slope_a3a2,a3a2_first,a3a2_last,slope_a3a1,se_slope_a3a1,a3a1_first,a3a1_last,slope_alpha,se_slope_alpha,alpha_first,alpha_last
r1600_c2000,5,5,0,0.009599999999977628,0.5006797572968483,0.006128372423862857,0.09559001367713892,0.9927441133013152,0.9992399244921182,0.7502798542035533,1.4075545271276417,1.7604349660479413,2.5602903201096607,-0.07224166224242429,0.14108886673395754,0.11183018678212166,0.02989486804024154,-0.19407577064365342,0.24860192462303754,0.650288751496767,0.3868268389507148,-0.05091315793536896,0.16780847605627003,0.07272191254219616,0.011564137304855384,-0.10080609362988362,0.08800361695613046,0.7312767330000834,0.5630308120697448
r2000_c2400,5,5,0,0.009599999999977628,0.5006797572968483,-0.6460683117349851,0.21664321303051154,0.9259412566327248,0.16144158009125115,-2.6084501601585393,0.11610860652477775,0.6356280916944481,-1.5151764335739513,0.5679049891534719,0.1239082419593547,0.35912274573222397,0.9187569285764866,-0.4943585951951361,0.05295890533260506,0.6780983469112561,0.20191466511783623,-0.011151025893271245,0.037649239133598134,0.24352054021925243,0.18551049755821308,-0.11752750974614148,0.28525475868042155,0.7611087473025954,0.5951559511213863
r2000_c2800,5,4,1,0.009599999999977628,0.5006797572968483,-0.47832459219705387,0.18463054423464376,0.9556167317845298,0.4185008209968993,-1.7636373675409016,2.0730157762136723,0.865392660200528,-1.1718709042584852,0.40870141155349304,0.2530527903216192,0.33428595631660013,0.7718508956288116,-0.4929092433668905,0.2582687239152095,0.7942429870982005,0.2391092323721934,-0.05329761713120931,0.045369216476402005,0.26550427648987507,0.18455667515959512,-0.7582685186295434,0.07444238908046368,0.9685686279679251,0.06907943124460594
r2000_c3200,5,5,0,0.009599999999977628,0.5006797572968483,-0.09942773761508394,0.24863203924037497,0.9856799259698851,0.8508929241267148,-1.7180251789448753,1.5974982281503365,1.3869383447765289,-0.3934154006490034,0.15424222973960072,0.3915746049551539,0.20358493015845266,0.39860631826178267,-0.5346126200706515,0.23533298859736881,0.8148643110005321,0.2689589748547764,-0.053762138160705575,0.1298100872717643,0.16589409384365897,0.1072087467303258,-0.39784720294058645,0.2138729199717981,0.8156838149224596,0.38266097912752295
r2000_c3600,5,2,3,0.009599999999977628,0.5006797572968483,nan,nan,0.9683049583031449,0.5382700486098447,nan,nan,0.4425666685366858,-2.763954958649099,nan,nan,0.18570309501200832,0.6798433119688555,nan,nan,0.28908356642306515,0.042858645617490185,nan,nan,0.05368371300187269,0.029137163583094,nan,nan,0.8888496787579752,0.28605126021155397
r2000_c4000,5,4,1,0.009599999999977628,0.5006797572968483,0.025587449723354833,0.07995969462293158,0.9706654507900734,0.9966957911313933,-0.0159235544792811,2.4993158517930762,0.5536474544575141,1.2581865591957149,-0.11390516885460032,0.10261930990016069,0.1800621054594246,0.05874709968862798,-0.21518855383314944,0.3459042488608967,0.3132336119381173,0.20673304928215108,-0.05039598773154527,0.07667698616763875,0.05640150366623776,0.01214496705511257,-0.32410783821521777,0.21061523941671678,0.5069285863067309,0.2579641581494859
r2400_c1200,5,5,0,0.009599999999977628,0.5006797572968483,0.02096357292910597,0.20273731334410572,0.8947086388028986,0.9137749342738534,0.45593635941708777,0.515461515660172,0.24103981378439254,0.5274782133152511,-0.017717247395362654,0.26812433971281646,0.3600617257783895,0.36309230423738165,0.1720449476091989,0.08391449822271828,0.4582043625489285,0.6153155938410161,0.0423887367922941,0.1558621001504265,0.16498185353855407,0.22341635680092736,-0.25015400559626294,0.18895263026222733,0.8362389219880944,0.5644746471321785
r2400_c1600,5,5,0,0.009599999999977628,0.5006797572968483,0.16599807004976846,0.02998725529688249,0.7735865001596574,0.9864051528604436,-0.5491795997317487,0.5669204132488774,-0.1344871499535074,-0.49619681211883315,-0.3185022553981029,0.11745747604377525,0.5189198663885088,0.11688929228449299,-0.3545423257569087,0.20899226607799792,0.45362112412484445,0.07116708732974644,-0.19257350553961292,0.0895419413789234,0.23539301312186947,0.00831867047192277,-0.42887229238174834,0.09494260621806314,0.7640743301806093,0.2716658155598313
r2400_c2000,5,4,1,0.009599999999977628,0.5006797572968483,0.05579678738715713,0.15205278014905727,0.9253269368465442,0.9995092962542413,1.9123721889276408,2.375257227729441,0.4490037091003716,2.6452011953980135,-0.22462107877817777,0.3582449798668712,0.30871321233499033,0.023471090818395646,-0.1024155932784561,0.43821966833338766,0.4836765700343444,0.33062033117978507,-0.10667050583124792,0.20807561797823187,0.1493173476664724,0.007760019819528781,-0.2877769144069199,0.35330375029816924,0.8524685876764948,0.4818529388852604
r2400_c2400,5,5,0,0.009599999999977628,0.5006797572968483,0.062064909010580066,0.10182070213607931,0.8218292852844309,0.9048076902052542,0.1498680069767893,0.8191359823265704,0.14973576929135746,0.25901089359471685,-0.12006944375781163,0.15051075602584896,0.49436585407397493,0.33975061927666783,-0.08527609334338465,0.12393816493153628,0.5742194312443697,0.4401971828497012,-0.09866311559154757,0.020807430542414507,0.283874479552995,0.14955726547703055,-0.36947658754785084,0.12196271508916628,0.7627892806479022,0.3017227961515523
r2400_c2800,5,5,0,0.009599999999977628,0.5006797572968483,-0.5345226274924527,0.25623277038550735,0.8873793559573749,0.3206530437372389,-1.9586350053535748,0.5003910999586032,0.4584455794165576,-1.1933385861982537,0.42808015634183577,0.21743604604028094,0.4733581014193116,0.8327819452225945,-0.4791667773025259,0.13404051600777012,0.7486696016603782,0.2525055557035426,-0.06657209054727757,0.08755850918864048,0.35438882123230897,0.2102820678583084,-0.15761056920921007,0.11421694493125999,0.7585666345858463,0.5322145506693716
r2400_c3200,5,5,0,0.009599999999977628,0.5006797572968483,0.08322339982557408,0.13685431677189208,0.9000917244837021,0.9868576932649861,-0.2048935933077838,1.2730364075377685,0.36437867664724877,-0.46717234989571543,-0.25627789357028985,0.2258658016154162,0.36443620569126434,0.11493458189677594,-0.3866467122719955,0.1911509463214122,0.5246493811729753,0.07203778431636099,-0.15739293235287596,0.08767731386486445,0.19120122979294896,0.008279632621171073,-0.6512633755328692,0.07639863506035628,0.882369521900806,0.14155918580161644
r2400_c3600,5,5,0,0.009599999999977628,0.5006797572968483,-0.057716528465002304,0.037737392945580164,0.9908173445127457,0.9899487739984545,-1.131944873123634,1.307324047765029,1.333290454175132,1.4791166440321586,0.018787638496064196,0.16291744640036376,0.24344853451354131,0.11642738212577382,-0.5228144815246137,0.10523321163695454,0.9235232886414773,0.5110075644355798,-0.1309925742790878,0.07923864251672594,0.22483039120889386,0.05949527297370224,-0.5213718055586943,0.06224246818695405,0.7876058189430635,0.18779672588605625
r2400_c4000,5,3,2,0.009599999999977628,0.5006797572968483,0.014769697103270554,0.0007540014827385122,0.9906780554916399,0.9995398737536025,2.6941952967631804,0.33168221579181445,1.5195857997889366,3.1361029778468463,-0.268010289340513,0.028077815055332883,0.18897079294973002,0.02816461934542209,-0.3591308435777613,0.10990028943524963,0.8636592187443557,0.6481807125976988,-0.24158434061184417,0.030164009142415668,0.1632063674044652,0.018255763037358624,-0.9220364782774401,0.0087805201454898,0.8395067806368145,0.28628489367035037
r2400_c4400,5,1,4,0.009599999999977628,0.5006797572968483,nan,0.013610007482844078,0.9875743631807781,0.9875743631807781,nan,1.0274804805144089,1.2371613610339276,1.2371613610339276,nan,0.022002716353029177,0.12287771369998855,0.12287771369998855,nan,0.1364804648393704,0.42341425425595497,0.42341425425595497,nan,0.0281658962494099,0.0520281755109574,0.0520281755109574,nan,0.09432253634021531,0.6962701561450327,0.6962701561450327
r2400_c800,5,5,0,0.009599999999977628,0.5006797572968483,-0.08686930042639904,0.05277832062378182,0.8932424785397723,0.809178450565786,-0.30037002349838887,0.27472345129197895,0.27290926294414586,-0.044347791487831856,0.13889305198905527,0.08338680100978438,0.3670878338133285,0.47957355655108963,0.032193316306801924,0.052678550022560715,0.4822730326990221,0.4587702287111804,0.06727338735204895,0.03905935386138439,0.17703656288006858,0.2200140702227776,0.010831581287082536,0.19433740704898145,0.7294015314022834,0.7094171926734563
r2800_c1200,5,5,0,0.009599999999977628,0.5006797572968483,0.011031001387173067,0.012744470255420191,0.981976620791017,0.9974112322043215,-0.28075343620315635,1.133944320708958,1.322789732637081,1.0559767003496732,-0.10303307205615121,0.07003019370508275,0.18537649799285702,0.051444157462977654,-0.5269253348295296,0.1258087617302733,0.6958809618910279,0.1478907164447859,-0.09640567463553462,0.022147217719958454,0.12899997573525954,0.007608113304098145,-0.592372607091245,0.22775153734697542,0.8975839555004028,0.20928407020330392
r2800_c1600,5,5,0,0.009599999999977628,0.5006797572968483,-0.0863090259110005,0.18177681767334392,0.963173906902387,0.83051771762006,-0.5264413712606707,0.9113441068862613,0.9746146566808331,0.0361175189313081,0.09703441380177116,0.14201168390741378,0.2798419925081456,0.4562539207528732,-0.2542621873557688,0.3189711851680217,0.7416220806109165,0.4730338816027747,-0.012628088004740195,0.06335801116711919,0.20753700072619544,0.21582356313021636,-0.3809699710812919,0.12594991529876817,0.8301372566595694,0.4017457563891036
r2800_c2000,5,5,0,0.009599999999977628,0.5006797572968483,-0.19633689321226008,0.3020424102780811,0.9096171007936144,0.7266446661773204,-1.0078556466542015,1.1705810694674341,0.5473652225325774,-0.4703504462588062,0.13576096235111798,0.34526797635302986,0.45618293092480844,0.5464937308474243,-0.3824105101420639,0.12216978482167513,0.7885999167769482,0.34144014399182565,-0.11546014912968369,0.06765186344647177,0.3597458213623682,0.18659489815117453,-0.19360030817214172,0.4337652800873239,0.9252581164171335,0.6385038580199027
r2800_c2400,5,5,0,0.009599999999977628,0.5006797572968483,0.04056355610358093,0.3081358518727619,0.9362149218771679,0.9839563573433474,0.5177958026649871,1.7931467525161113,0.7122600794177005,1.3061070549323779,-0.19023648373188884,0.31286515101021894,0.3734867789346626,0.15285407006782822,-0.1823412397427168,0.29581008322086877,0.7613876971319856,0.5643026554868545,-0.1698559467204541,0.1244285961339276,0.28436823852230575,0.0862559576412492,-0.39970357009628,0.1526164818709518,0.9072120819326693,0.4174948482831364
r2800_c2800,5,5,0,0.009599999999977628,0.5006797572968483,-0.36301046714945184,0.29344322158995173,0.9284872126984648,0.5054291123646049,-1.0775041376168562,1.4015902453249618,0.6301301747540471,-0.4886948793051422,0.35610217858909005,0.2921980476049801,0.33801249721181703,0.7434118089648042,-0.18071279325826908,0.32816624578372544,0.6347384622339363,0.4560284799099234,0.09104503143264715,0.14604930609123803,0.21454953269608143,0.339016957189306,-0.2937769217101393,0.14078332561815743,0.7836896998130362,0.4727953989801755
r2800_c3200,5,4,1,0.009599999999977628,0.5006797572968483,0.035577342436766544,0.021727242594634825,0.9507631378303913,0.9982512056477256,0.9664390985762745,0.552259585243225,0.7092975832044921,1.8481345878244662,-0.1715211794914817,0.0534578247379502,0.2583108418488111,0.043507846229322945,-0.22433478775903304,0.17769799152138926,0.5250330727324843,0.2761863675923533,-0.09601870542188717,0.031738619244058755,0.1356217350159961,0.01201627401184337,-0.6107579663836029,0.028753619592128542,0.825877179747017,0.12980744959963045
r2800_c3600,5,4,1,0.009599999999977628,0.5006797572968483,0.004157872222463106,0.11872697739217147,0.9942765439701156,0.9995535524812773,1.3713226533355187,2.0310181578951134,1.3513195643892555,2.9436323388607164,-0.18124628899293074,0.2740275393102987,0.24718254650353724,0.02364392580954469,-0.45063366146516626,0.2217641658442837,0.9547472852823928,0.44887236576615,-0.18303799824851835,0.1254577943085374,0.235996865243441,0.010613104914129659,-0.5848194351655484,0.1089698591922785,0.7822803504400448,0.0900789137918598
r2800_c400,5,3,2,0.009599999999977628,0.5006797572968483,-0.08149571268486384,0.4972064215010438,0.8275437566066911,0.7855828453583948,-1.186954514096236,3.7898763400851587,-0.11883796527977708,-1.0257286253622868,0.11284385148749222,0.7188179614212553,0.4450267746474066,0.4682654616223949,-0.188346567779062,0.1704654207965475,0.3951622668999957,0.16788961929042304,-0.05227370179418933,0.1938009855875209,0.17585778910086272,0.07861691007863807,-0.6909447825546224,0.2711710767656144,0.9497666981628199,0.11434374980600484
r2800_c800,5,5,0,0.009599999999977628,0.5006797572968483,0.04112564676904096,0.07950525534604712,0.9407329207796971,0.998169091615723,0.815873760493062,1.608295382983597,0.7372824959989766,1.9950855706868849,-0.20013953003143542,0.22105069108526948,0.3196613804171143,0.04538601755411952,-0.28788080780465075,0.07333719724831242,0.6681714119413653,0.333715770751274,-0.14951299495046075,0.10909774397313773,0.21358859589642915,0.015146029829403848,-0.5680710474025683,0.20588282229150073,0.8626855349727053,0.1752648512847423
r3200_c2000,5,5,0,0.009599999999977628,0.5006797572968483,0.3716329228391258,0.39942404509250484,0.5117983757304769,0.880091065961852,1.3899031295406832,1.291353981188733,-0.9902527714585982,0.13170953047176726,-0.336558898842508,0.35248267396116606,0.7115524205377332,0.37880168882836135,0.2663890346381168,0.27824317874503407,0.2643294705211567,0.43212822016263047,0.012396952559387582,0.11849732770121776,0.18808427456878643,0.16369089958799837,0.554072327258297,0.6096942274798975,0.6549682100929037,1.1889517829992724
r3200_c2400,5,5,0,0.009599999999977628,0.5006797572968483,0.09564996982743687,0.1612651001508731,0.8900621761877627,0.9913051951328421,2.1757452195606084,1.8657764883224977,-0.22042831252848227,1.6703338956875373,-0.19416651225836828,0.14562925857554593,0.3433642922182189,0.14410626492634074,0.5841621896455886,0.4584279545439233,0.27543830011103176,0.7657723053023199,0.030567722137482673,0.1478825659478184,0.09457567696741379,0.11035258670115078,0.2269913387109981,0.538592454764279,0.7639472362153003,0.9621354057565114
r3200_c2800,5,5,0,0.009599999999977628,0.5006797572968483,0.09560428156411446,0.5077964654697183,0.8356663793617992,0.8978313564485145,-0.97812791676725,3.1544489765206962,-0.0854634038036286,-1.372287311068013,-0.12850068564383024,0.5864405005789141,0.43551604709902747,0.32059045764692234,-0.24212214349638325,0.23353323679677546,0.3998415083003939,0.0812781452756533,-0.12050312725703088,0.07042440699953469,0.17413739316110052,0.026056997790614735,-0.18994660031540755,0.13392825633734673,0.6915879625994181,0.441732102697813
r3200_c800,5,1,4,0.009599999999977628,0.5006797572968483,nan,0.06692039320430841,0.9964676047246093,0.9964676047246093,nan,1.2902930116400777,2.090677010674565,2.090677010674565,nan,0.2599117174210608,0.07429123518131066,0.07429123518131066,nan,0.08577371939507557,0.6010451101363229,0.6010451101363229,nan,0.21567029875076216,0.04465238363171433,0.04465238363171433,nan,0.27228110294542734,0.5984850656573256,0.5984850656573256
