chunk,band,r_mid_2d,r_mid_3d,b2b1_meas,b2b1_pred,b1_meas,b1_pred,pa2d_meas,pa2d_pred,a2a1_3d,a3a2_3d,usable_2d,usable_3d,usable_both,d_b2b1
r1600_c2000,0,0.01915451822365661,0.01915451822365661,0.45799979985816314,0.4526767615094936,0.04082917817036809,0.04189210389719462,10.091695551746309,10.201266350344556,0.3166156782630884,0.6048151282995355,True,True,True,0.00532303834866954
r1600_c2000,1,0.03821828837304667,0.03821828837304667,0.3938485802769634,0.37899048098436416,0.08897984870984461,0.09121416296111014,10.122926373921757,10.582483735864225,0.29090015744488285,0.4978263780136547,True,True,True,0.014858099292599236
r1600_c2000,2,0.07625551053335333,0.07625551053335333,0.3376615587753612,0.3241989515370433,0.2038185584329326,0.20246235843108176,7.6319238890926675,8.049644424409477,0.2886244412634488,0.41556906519084685,True,True,True,0.01346260723831788
r1600_c2000,3,0.15214974647591237,0.15214974647591237,0.20544965493024805,0.2391425538191131,0.700932202018255,0.5889094713826704,5.355048369745648,5.463547763989816,0.12661059318082385,0.33851596184364424,True,True,True,-0.033692898888865036
r1600_c2000,4,0.26240258229115665,0.2760041632626885,0.11570596631631573,0.191822104243784,1.444609026494372,0.9413223040228231,4.379594109282922,3.6645883129080334,0.06863295599019435,0.28294165056303,True,True,True,-0.07611613792746826
r1600_c2400,0,0.01915451822365661,0.01915451822365661,0.5826235229131084,0.5801846561678003,0.035728486005130074,0.03587329406773659,15.6140375399987,15.812019918113572,0.4640593361682514,0.7078363718064121,True,True,True,0.0024388667453080215
r1600_c2400,1,0.03821828837304667,0.03821828837304667,0.505632771124863,0.49815536313878195,0.07658767351882079,0.07670606867927758,14.26078941939287,14.95514475139614,0.43090800899123327,0.6111172874815434,True,True,True,0.007477407986081097
r1600_c2400,2,0.07625551053335333,0.07625551053335333,0.40268844129261344,0.40416309296567443,0.18554588667253621,0.17858467561991592,10.249952459384344,11.235476957367657,0.3100056542877683,0.5032970687990242,True,True,True,-0.0014746516730609893
r1600_c2400,3,0.15214974647591237,0.15214974647591237,0.18563765732070903,0.245642793906688,0.7016528340713416,0.5466126673294476,6.705914582383624,7.3421873427154,0.21560736370436545,0.31602036894078084,True,True,True,-0.060005136585978974
r1600_c2400,4,0.26240258229115665,0.2760041632626885,0.09084754735873873,0.14635589825876893,1.8963883440344231,1.1345445838082917,6.132203796919026,6.42585582479526,0.17531699291193462,0.19381015033663518,True,True,True,-0.0555083509000302
r2000_c2400,0,0.01915451822365661,0.01915451822365661,0.5651024849558989,0.565147462173495,0.03710249291565451,0.040463684027851755,5.825951986087356,5.944672398664527,0.2678810091271955,0.6793050346367314,True,True,True,-4.49772175961094e-05
r2000_c2400,1,0.03821828837304667,0.03821828837304667,0.5529628888688465,0.5530471452438556,0.07558676125371765,0.0862518501391101,7.90866922205897,7.679982745929572,0.1755363052668118,0.6642434826812419,True,True,True,-8.425637500908412e-05
r2000_c2400,2,0.07625551053335333,0.07625551053335333,0.6550210425218693,0.6720056212839453,0.13709176264523903,0.15000291510247266,7.23638577439246,6.638060599611586,0.10853523359235087,0.5641219694575341,True,True,True,-0.01698457876207593
r2000_c2400,3,0.15214974647591237,0.15214974647591237,0.6381092795525937,0.7363497691952813,0.2388876055994904,0.2594090055638857,90.61770715067908,93.48211062697983,0.5216651392065969,0.2586442919114062,True,True,True,-0.09824048964268761
r2000_c2400,4,0.26240258229115665,0.2760041632626885,0.3825845892209016,0.588575762485056,0.43190365904568534,0.4196012216216727,91.86445334272715,95.13864023810663,0.9078136489450631,0.2189404081660155,True,True,True,-0.20599117326415445
r2000_c2800,0,0.01915451822365661,0.01915451822365661,0.4581207837350632,0.45653485992251597,0.04236022664644964,0.049565021383147,6.992717784429949,6.934650625129719,0.30421632636988793,0.7474871278048311,True,True,True,0.0015859238125472408
r2000_c2800,1,0.03821828837304667,0.03821828837304667,0.41523295822232786,0.37434461586732964,0.09608927229808545,0.12955909538057697,7.378584521471327,6.472573231903097,0.17280888957922408,0.7550221090353088,True,True,True,0.04088834235499822
r2000_c2800,2,0.07625551053335333,0.07625551053335333,0.3760163935604939,0.31013433247818745,0.21162815899934478,0.3000095512922975,8.413693179913071,6.453309147902012,0.06158226254114071,0.7837104451420385,True,True,True,0.06588206108230643
r2000_c2800,3,0.15214974647591237,0.15214974647591237,0.03228133001297679,0.04312718375945212,5.313781502424528,3.2277802458889595,8.77858666177905,8.117669974351475,0.3227110637507807,0.04311842851791293,True,True,True,-0.010845853746475329
r2000_c2800,4,0.26240258229115665,0.2760041632626885,0.014841940297509603,0.7191774440623435,57.378316058318795,0.3497822114744288,10.001145617973034,28.996026048506018,0.03493270026496925,0.7185423836472983,False,True,False,-0.7043355037648339
r2000_c3200,0,0.01915451822365661,0.01915451822365661,0.28079989330019006,0.2728775355344588,0.06235886947392852,0.07618699410119643,3.8418569420915185,3.8678203801167097,0.25677408400851026,0.8306578172374508,True,True,True,0.007922357765731247
r2000_c3200,1,0.03821828837304667,0.03821828837304667,0.23313233207056996,0.23204990321175728,0.14772273518804954,0.17710216409658391,3.984936572445934,3.9781041257736516,0.1912585750387237,0.9850220526317116,True,True,True,0.001082428858812684
r2000_c3200,2,0.07625551053335333,0.07625551053335333,0.20125869771383975,0.14292819249448133,0.35698946166104367,0.5265287755794843,3.5370384647456286,2.9261202303518483,0.14329051978717458,0.6911977310098498,True,True,True,0.058330505219358425
r2000_c3200,3,0.15214974647591237,0.15214974647591237,0.17778735048088382,0.15251529977894415,0.6544850757001258,0.7675474245185386,3.8993398904721013,3.222983667794418,0.3590705491515529,0.33868926720427467,True,True,True,0.025272050701939663
r2000_c3200,4,0.26240258229115665,0.2760041632626885,0.24070686772416258,0.2437140637210011,0.6665938736771077,0.6819904333428751,4.995846656521809,5.768300887317295,0.5720218373555759,0.3475467957617377,True,True,True,-0.0030071959968385187
r2000_c3600,0,0.01915451822365661,0.01915451822365661,0.24522968406149775,0.2528937695049334,0.0675688658769935,0.07758028767337093,9.563430816722898,9.525340664347508,0.429235698791456,0.3442366732738402,True,True,True,-0.007664085443435664
r2000_c3600,1,0.03821828837304667,0.03821828837304667,0.19556270011328797,0.17535154789667556,0.16429454830495438,0.23312366532945705,9.41119682679292,9.398289781006579,0.2435825495905959,0.39675622947121014,True,True,True,0.020211152216612405
r2000_c3600,2,0.07625551053335333,0.07625551053335333,0.133105087406859,0.06785960929602122,0.5368058397903628,1.1252829826242885,9.116393527827201,9.24457543805292,0.08801321211940447,0.38359123909334314,True,True,True,0.06524547811083778
r2000_c3600,3,0.15214974647591237,0.15214974647591237,0.10711643144135878,0.09282153132747958,1.2037087210396058,1.404956824735661,9.203673816223898,9.155643937403267,0.4327832141809882,0.18525962679651753,True,True,True,0.014294900113879197
r2000_c3600,4,0.26240258229115665,0.2760041632626885,0.10486961896056589,0.16397115776305446,1.799560979326496,1.1199492844837502,8.954932000784492,8.991926416567992,0.7235660612249023,0.18964408234958582,True,True,True,-0.05910153880248857
r2400_c1200,0,0.01915451822365661,0.01915451822365661,0.26293413724616177,0.2656735356169994,0.06673190920358159,0.06887673600499997,176.91624683973544,176.93459173001682,0.3992363950788279,0.5098349877747843,True,True,True,-0.0027393983708376424
r2400_c1200,1,0.03821828837304667,0.03821828837304667,0.20328882150725344,0.1803723667096882,0.16316598189399897,0.18701449218177926,176.76108551903678,177.02479226391773,0.28227327743376507,0.4432683179923911,True,True,True,0.02291645479756524
r2400_c1200,2,0.07625551053335333,0.07625551053335333,0.15790973429325839,0.16109259934913864,0.41018262295742963,0.3851259894177283,177.28963630976043,177.45708483038473,0.3108901243919272,0.368214027552411,True,True,True,-0.003182865055880252
r2400_c1200,3,0.15214974647591237,0.15214974647591237,0.1758641623757047,0.1964865867866995,0.7065529809922922,0.6010014384451746,177.6502247118149,177.21166669949557,0.4992083260272108,0.35111353696459574,True,True,True,-0.020622424410994794
r2400_c1200,4,0.26240258229115665,0.2760041632626885,0.22701962391831962,0.2248266257054471,0.8303970228695343,0.8240106773626016,176.90797268082528,176.2913674122671,0.552537532247427,0.3692949111358229,True,True,True,0.0021929982128725267
r2400_c1600,0,0.01915451822365661,0.01915451822365661,0.279301730137135,0.27767202305981525,0.06161012176115375,0.06257154794636376,4.454250366205314,4.4830857029268705,0.5123452005182582,0.4986074349829173,True,True,True,0.001629707077319742
r2400_c1600,1,0.03821828837304667,0.03821828837304667,0.21050975529598903,0.18111927762590388,0.1600519570706279,0.17365295652322615,4.389157706997696,4.552635183965022,0.4501655249300643,0.35857644375071457,True,True,True,0.029390477670085152
r2400_c1600,2,0.07625551053335333,0.07625551053335333,0.12565704482900988,0.10880265746309763,0.5763470260689848,0.6135103442884614,4.411290586974488,4.6968608616882035,0.4449741500890104,0.21658171048173486,True,True,True,0.016854387365912257
r2400_c1600,3,0.15214974647591237,0.15214974647591237,0.04153853808446124,0.04375344593544521,3.3346948173091007,2.9976365502331612,4.284519694040994,4.685073689119406,0.2924259783398324,0.12041371581697158,True,True,True,-0.002214907850983966
r2400_c1600,4,0.26240258229115665,0.2760041632626885,0.028570673664388143,0.03182424098266326,5.834828026787614,5.1626829985060185,4.184367105780679,4.549725917504307,0.2134206143681933,0.10402367203890707,True,True,True,-0.003253567318275117
r2400_c2000,0,0.01915451822365661,0.01915451822365661,0.3370076002078129,0.33410622656422145,0.05208503380581739,0.055180193799584665,9.987461209444387,9.963300291463499,0.4352983994219417,0.6404763839680843,True,True,True,0.002901373643591443
r2400_c2000,1,0.03821828837304667,0.03821828837304667,0.26008560687200183,0.23309949800072802,0.12941878853286198,0.14503692157731027,9.931308168166485,10.152149817408308,0.3328669617987331,0.4888003397531552,True,True,True,0.026986108871273812
r2400_c2000,2,0.07625551053335333,0.07625551053335333,0.2413203028786321,0.21433610109917023,0.284237475784495,0.3076922169430436,10.559050553638201,10.910560228747078,0.32131238674030427,0.421917084292623,True,True,True,0.02698420177946187
r2400_c2000,3,0.15214974647591237,0.15214974647591237,0.2168600978612859,0.17442221533106114,0.6023237424328739,0.7084989690956486,11.928420418381544,12.087635577341562,0.30224363167212726,0.3505405489535451,True,True,True,0.04243788253022476
r2400_c2000,4,0.26240258229115665,0.2760041632626885,0.17865258796906205,0.13115576745335453,1.0437170501181898,1.3774831379611567,12.986914032993921,13.376895885100424,0.31045462483004044,0.2660097694414551,True,True,True,0.04749682051570753
r2400_c2400,0,0.01915451822365661,0.01915451822365661,0.8563527765005635,0.8552318619813143,0.02954183137627584,0.0326704163949462,171.19417228627452,171.22047219593168,0.27359223591191684,0.5104198011199327,True,True,True,0.0011209145192492276
r2400_c2400,1,0.03821828837304667,0.03821828837304667,0.8813871549396465,0.8573964994008525,0.05750409987729673,0.06764671978166416,163.79907067514122,163.1309960359,0.24766942777274067,0.4880961379077956,True,True,True,0.02399065553879398
r2400_c2400,2,0.07625551053335333,0.07625551053335333,0.8241769901910558,0.6907080999619425,0.11462077182305686,0.15257449123349714,170.2826958141053,166.05413184259487,0.13068297024251596,0.5567541516618041,True,True,True,0.13346889022911335
r2400_c2400,3,0.15214974647591237,0.15214974647591237,0.5374067322387733,0.4001021074545505,0.270087714224846,0.35872711038695543,162.20715120668555,161.83652315421514,0.16934491063002874,0.5580361427543307,True,True,True,0.13730462478422284
r2400_c2400,4,0.26240258229115665,0.2760041632626885,0.3476178066730065,0.3304428222051208,0.49181759205495257,0.5480395765966145,156.3272696750691,156.72804011301412,0.32736052239344576,0.4431535531691763,True,True,True,0.017174984467885734
r2400_c2800,0,0.01915451822365661,0.01915451822365661,0.5063145261647946,0.4960116258469253,0.039983686085215166,0.044082254579964855,159.07226325356874,158.9329787884686,0.41594023459167834,0.8002295009634589,True,True,True,0.010302900317869235
r2400_c2800,1,0.03821828837304667,0.03821828837304667,0.46539654662274027,0.45142908568888124,0.0829073570106849,0.09332555506499163,157.91656768575578,157.4672791366226,0.21436513334023088,0.7459953330277734,True,True,True,0.013967460933859033
r2400_c2800,2,0.07625551053335333,0.07625551053335333,0.4478954035334918,0.4240697962571188,0.14839260977399515,0.18477086870431195,155.31932852472085,155.67358495710948,0.08894473363894083,0.6612603397473978,True,True,True,0.02382560727637295
r2400_c2800,3,0.15214974647591237,0.15214974647591237,0.4307461332668815,0.5185693464868393,0.2109993311712134,0.364431802971274,164.66697015847717,172.89584468808286,0.3490964675884706,0.4298081495638285,True,True,True,-0.08782321321995779
r2400_c2800,4,0.26240258229115665,0.2760041632626885,0.30500733996705615,0.5503254621457031,0.3543864486387762,0.5072411292230778,15.264829887252626,11.686699950805155,0.5670863121855352,0.3727075138187389,True,True,True,-0.24531812217864696
r2400_c3200,0,0.01915451822365661,0.01915451822365661,0.2776087182439862,0.2790676231539094,0.06401450061675446,0.0670804370891302,174.6348457859157,174.57054410149215,0.35984325915704335,0.6282472934499618,True,True,True,-0.001458904909923231
r2400_c3200,1,0.03821828837304667,0.03821828837304667,0.2088702105615227,0.22442575475129226,0.16762136785741266,0.1710083908160287,174.28968214326204,173.75091202190808,0.24763061526891073,0.6512137226473061,True,True,True,-0.015555544189769566
r2400_c3200,2,0.07625551053335333,0.07625551053335333,0.14339929860308,0.1120731905465515,0.5361950515887616,0.6782842360274777,173.9625177613595,172.6920799491633,0.08633965297587538,0.4689988460476166,True,True,True,0.03132610805652851
r2400_c3200,3,0.15214974647591237,0.15214974647591237,0.07623891829685889,0.11184423052734233,1.6833775109649565,1.0502056628857792,172.62625437764538,170.98309444525518,0.03465575380383715,0.1924238788195122,True,True,True,-0.03560531223048344
r2400_c3200,4,0.26240258229115665,0.2760041632626885,0.04291713834391065,0.3343046274535753,3.2995784458303197,0.5183978370820745,170.2381421363384,164.33278593461043,0.05578741782313678,0.4190753033979351,True,True,True,-0.29138748910966467
r2400_c3600,0,0.01915451822365661,0.01915451822365661,0.22457682794303294,0.22263764875481673,0.07889845930241934,0.09030475268951085,7.72874484787542,7.717387972877609,0.27492819696009624,0.7845369228092509,True,True,True,0.0019391791882162057
r2400_c3600,1,0.03821828837304667,0.03821828837304667,0.11893419253185826,0.1127214194327408,0.28659854665509565,0.3359683875835103,8.258237016098157,8.20179527899721,0.1407049571133462,0.7805758211767218,True,True,True,0.006212773099117455
r2400_c3600,2,0.07625551053335333,0.07625551053335333,0.06794628560325404,0.048643854823750686,0.840485710145616,1.2788358626870917,8.68657519948117,8.601475785892701,0.07224035424104278,0.6696048470757819,True,True,True,0.019302430779503353
r2400_c3600,3,0.15214974647591237,0.15214974647591237,0.04560287723635436,0.014471834610198004,2.136067082590782,6.967253526939829,9.720061887604487,9.2663635932821,0.08092654102329298,0.17670221108315162,True,True,True,0.031131042626156354
r2400_c3600,4,0.26240258229115665,0.2760041632626885,0.06175092578893973,0.3427242008599497,2.2663284276024593,0.48997997053699255,11.711694967185881,17.503376814983547,0.5098497276430758,0.34399953340055855,True,True,True,-0.28097327507101
r2400_c4000,0,0.01915451822365661,0.01915451822365661,0.20420887101948104,0.20144811056415624,0.08443111445154013,0.0990485712048452,14.775448040737219,14.7844756470391,0.2409347228253173,0.8233158011865165,True,True,True,0.0027607604553248066
r2400_c4000,1,0.03821828837304667,0.03821828837304667,0.11611101385497827,0.09345316034638888,0.2985944796988078,0.40091500442975153,14.975481599276275,14.996318418171676,0.1270612588885605,0.7292606078634325,True,True,True,0.022657853508589385
r2400_c4000,2,0.07625551053335333,0.07625551053335333,0.041278890896335914,0.04072511664693706,1.3673146656422126,1.7310097877131394,15.12705194641783,15.355318564722111,0.04151816116590595,0.9641879292243101,True,True,True,0.0005537742493988557
r2400_c4000,3,0.15214974647591237,0.15214974647591237,0.016981803638209895,0.03652992905387857,4.66935932593585,5.038032506163484,15.737760865000938,16.10800946608406,0.002680766916489995,0.336504705460477,False,False,False,-0.019548125415668676
r2400_c4000,4,0.26240258229115665,0.2760041632626885,0.009415941142345868,0.4210687343343069,7.685478528746535,0.7927862661691197,16.121665134750618,21.71990742109138,0.42976179695582906,0.2294942070121963,False,True,False,-0.411652793191961
r2400_c4400,0,0.01915451822365661,0.01915451822365661,0.22774252609853685,0.22273983007615647,0.07532974330658301,0.0960346835697379,14.229131609023149,14.231349128371916,0.22535303873341506,0.6077402261016236,True,True,True,0.005002696022380376
r2400_c4400,1,0.03821828837304667,0.03821828837304667,0.17397968057902488,0.14723860121892543,0.19326405795031634,0.30636302242079433,14.308905637438649,14.315237059462246,0.14800214113479485,0.6583464240503112,True,True,True,0.02674107936009945
r2400_c4400,2,0.07625551053335333,0.07625551053335333,0.11448226622155573,0.057848027659342084,0.5798887536968937,1.3194347508167268,13.9641352949774,14.124833640445843,0.06480628327160867,0.6058208871526605,True,True,True,0.05663423856221365
r2400_c4400,3,0.15214974647591237,0.15214974647591237,0.06681110055144185,0.03485518082146715,1.7823512823820347,4.124717869615434,13.41381418898731,13.643268893959942,0.056871177364992705,0.3922249088090351,True,True,True,0.0319559197299747
r2400_c4400,4,0.26240258229115665,0.2760041632626885,0.027734345613770615,0.01893577562342688,5.346640931092357,9.075564682615694,12.667972345654869,12.910053316038734,0.0011337617059607947,0.3305613285455051,True,False,False,0.008798569990343733
r2400_c800,0,0.01915451822365661,0.01915451822365661,0.21095003521314487,0.21600994727849104,0.0734176182281683,0.08066800539206286,171.76322871405046,171.7640348669875,0.30374748478665914,0.567390299008292,True,True,True,-0.005059912065346173
r2400_c800,1,0.03821828837304667,0.03821828837304667,0.12583113867478313,0.10479000533150297,0.24908384052301638,0.3346730998567998,171.3205516305991,171.4809807412773,0.11881129593546773,0.5212497649853958,True,True,True,0.021041133343280158
r2400_c800,2,0.07625551053335333,0.07625551053335333,0.09765443398144977,0.0834992935093863,0.6402362564478834,0.7270217225504759,171.47960807094444,171.75766887436603,0.1562191017140165,0.37815984657601576,True,True,True,0.014155140472063468
r2400_c800,3,0.15214974647591237,0.15214974647591237,0.18636919617621872,0.19160667344405996,0.6431681553929173,0.6093904521279054,172.81437328920137,173.46106711587257,0.49614369453882773,0.3410086871874365,True,True,True,-0.00523747726784124
r2400_c800,4,0.26240258229115665,0.2760041632626885,0.2344766532180134,0.22076682479713156,0.7722762878486243,0.8048511783066905,173.15186949032784,173.3986055722118,0.5730521522192857,0.34168773261553054,True,True,True,0.013709828420881837
r2800_c1200,0,0.01915451822365661,0.01915451822365661,0.2147598889022979,0.20833177997923355,0.0810107371019304,0.08321287268443119,178.2771114941852,178.2129783936168,0.3013483034628595,0.4837425455658096,True,True,True,0.006428108923064363
r2800_c1200,1,0.03821828837304667,0.03821828837304667,0.11572883563403295,0.15012056850995936,0.28141161159863126,0.23308686710426652,177.62030039541074,177.27164406654992,0.0017906243968967693,0.5207580929564962,True,False,False,-0.03439173287592641
r2800_c1200,2,0.07625551053335333,0.07625551053335333,0.0994057712724435,0.11604026583622354,0.5661200600757417,0.5154888958709228,176.89832533572672,177.16848760259498,0.019332020217064323,0.43325823031195815,True,False,False,-0.016634494563780036
r2800_c1200,3,0.15214974647591237,0.15214974647591237,0.09824265181596606,0.10573083725008156,1.1972691675498413,1.1065259338774203,175.7735797882541,176.87578630787664,0.034365446521822364,0.3137283318849667,True,True,True,-0.007488185434115502
r2800_c1200,4,0.26240258229115665,0.2760041632626885,0.039108994853475985,0.0925522599990017,3.72573255426751,1.7185663582472142,175.48711166008727,175.58781900212335,0.023053497142093125,0.24709703581242393,True,True,True,-0.05344326514552571
r2800_c1600,0,0.01915451822365661,0.01915451822365661,0.29862630726964956,0.288909582654666,0.06054922870079393,0.06463859453127559,11.735521366038977,11.810815249987394,0.32866772146260614,0.6191141209931168,True,True,True,0.009716724614983574
r2800_c1600,1,0.03821828837304667,0.03821828837304667,0.24582368895582565,0.27033244898014797,0.13737561428711242,0.13715978200067916,12.631898276898559,12.834308494918991,0.14057779829821576,0.7007572508432445,True,True,True,-0.024508760024322312
r2800_c1600,2,0.07625551053335333,0.07625551053335333,0.1613630876226531,0.16037624871572512,0.39197858666510443,0.41785794044604857,12.853881263946871,12.458395210435016,0.01867782853423642,0.57557649442005,True,False,False,0.0009868389069279948
r2800_c1600,3,0.15214974647591237,0.15214974647591237,0.1660721113621766,0.11999058358981037,0.66693119710556,0.9057142821852457,12.292610518706473,10.983803820384695,0.06519660045852743,0.37388050229430847,True,True,True,0.046081527772366224
r2800_c1600,4,0.26240258229115665,0.2760041632626885,0.28082835666906436,0.30050720078588466,0.5607192088497631,0.596730958555907,12.202532287953188,11.460057307569812,0.5288892102135052,0.484999953614536,True,True,True,-0.019678844116820304
r2800_c2000,0,0.01915451822365661,0.01915451822365661,0.42779313960793797,0.4159012478952747,0.04520862717209991,0.05013204249897384,14.247938988861872,14.298436502017656,0.39688870144333527,0.8173848231048261,True,True,True,0.01189189171266325
r2800_c2000,1,0.03821828837304667,0.03821828837304667,0.39895652409530635,0.35067225060736196,0.09175585067060855,0.11754448853310574,15.707380902276965,15.664833552446872,0.31759709176351986,0.8209159408058428,True,True,True,0.048284273487944396
r2800_c2000,2,0.07625551053335333,0.07625551053335333,0.39265725561640713,0.285533518794894,0.1779047778403649,0.2292993431563764,21.132565161104303,20.920901255929742,0.3295149707683978,0.41769218015594756,True,True,True,0.1071237368215131
r2800_c2000,3,0.15214974647591237,0.15214974647591237,0.26869755100390974,0.280976272726742,0.47903530219438734,0.4747978295756548,29.419801089812992,28.74305080941663,0.44914820417212076,0.31699724379667094,True,True,True,-0.012278721722832286
r2800_c2000,4,0.26240258229115665,0.2760041632626885,0.17152562338355604,0.23436340668794114,0.854223563922926,0.7124378204949596,32.30867117350927,30.696103831420846,0.5093784025355269,0.2930553392983314,True,True,True,-0.06283778330438511
r2800_c2400,0,0.01915451822365661,0.01915451822365661,0.648513556170239,0.641913352833895,0.03403383402893573,0.03555330052746652,170.6959520031827,170.89965420138728,0.4406437958941823,0.84323167077564,True,True,True,0.006600203336344035
r2800_c2400,1,0.03821828837304667,0.03821828837304667,0.6005259332684602,0.5918797083618804,0.06984954517967232,0.07481321302818823,171.22218094224183,171.68482165190778,0.36389680398430524,0.8424804557705431,True,True,True,0.008646224906579736
r2800_c2400,2,0.07625551053335333,0.07625551053335333,0.5064044383003448,0.4766359756795011,0.14652981543579233,0.16204568756808824,170.758223245186,172.22603014390793,0.34899870592645227,0.7458540726933991,True,True,True,0.02976846262084365
r2800_c2400,3,0.15214974647591237,0.15214974647591237,0.3315587089485686,0.3269504574462832,0.3964642263177705,0.40317442478189325,172.6262445418623,174.40275791748493,0.14005526464289872,0.543739149038146,True,True,True,0.004608251502285388
r2800_c2400,4,0.26240258229115665,0.2760041632626885,0.3107094923340462,0.3385877612433293,0.5102513431617319,0.5149113039845954,172.74082396288352,172.7507625278917,0.18469053510757824,0.563982337893118,True,True,True,-0.027878268909283077
r2800_c2800,0,0.01915451822365661,0.01915451822365661,0.5214011906865981,0.5092220157687479,0.0385707775045343,0.03848950036803092,152.7624391985435,152.770946222662,0.3669347774089138,0.5928063803431215,True,True,True,0.012179174917850144
r2800_c2800,1,0.03821828837304667,0.03821828837304667,0.4233208323139253,0.4310988801947474,0.08936805361443213,0.08517701731980995,150.11302607259177,150.38801920381994,0.4013933492315987,0.5008316510248787,True,True,True,-0.007778047880822092
r2800_c2800,2,0.07625551053335333,0.07625551053335333,0.38150628097465883,0.409529615296182,0.19203302748178455,0.1761578808071699,143.27255647284164,143.7334259740942,0.42317055867300557,0.42530845378346266,True,True,True,-0.028023334321523152
r2800_c2800,3,0.15214974647591237,0.15214974647591237,0.3889892546845586,0.40291698130364995,0.3495085507147192,0.3365939358194535,119.76536537241975,122.01370493668588,0.3680089086001041,0.3336303764528121,True,True,True,-0.013927726619091363
r2800_c2800,4,0.26240258229115665,0.2760041632626885,0.39392203394419334,0.3966899506484984,0.45595303451414415,0.4585349613492354,111.3064588177916,112.40902115707078,0.5393012318155032,0.34591562394541026,True,True,True,-0.00276791670430504
r2800_c3200,0,0.01915451822365661,0.01915451822365661,0.43083396328556767,0.4200396452192739,0.04360139934902256,0.04618852678763216,160.3008374483686,160.78040680422026,0.3436380790980806,0.5785018991450922,True,True,True,0.010794318066293773
r2800_c3200,1,0.03821828837304667,0.03821828837304667,0.3374004986325237,0.32131590293799717,0.10763201884460318,0.11211632304171032,159.32301368055442,160.18496714350954,0.18544947155270283,0.46838982450690037,True,True,True,0.016084595694526527
r2800_c3200,2,0.07625551053335333,0.07625551053335333,0.21099599763725724,0.21220905999060116,0.33682201859916416,0.33267591860259643,158.7052190847069,160.86793692149288,0.029552760656663044,0.2958038710202934,True,True,True,-0.0012130623533439244
r2800_c3200,3,0.15214974647591237,0.15214974647591237,0.13176936315259674,0.20955777253060967,0.9513287373437063,0.6035950603719533,155.44233156372582,160.48174221101985,0.03572113651812225,0.25639045711179925,True,True,True,-0.07778840937801293
r2800_c3200,4,0.26240258229115665,0.2760041632626885,0.1674836384521733,0.33337371443367353,0.9644058441808311,0.5401347342803019,153.33220254358338,159.27523148878606,0.04313742259354749,0.3778527979667877,True,True,True,-0.16589007598150024
r2800_c3600,0,0.01915451822365661,0.01915451822365661,0.5999004052123259,0.5884877984781236,0.0357956633574058,0.038849331153935525,166.05477128788203,166.3774643775396,0.32240347717964746,0.8613875886180274,True,True,True,0.011412606734202302
r2800_c3600,1,0.03821828837304667,0.03821828837304667,0.5453070658868544,0.5244550668389972,0.07742728044249836,0.08586255975698895,165.60571577737636,167.3393141257133,0.17781375404128413,0.8865219973835633,True,True,True,0.020851999047857173
r2800_c3600,2,0.07625551053335333,0.07625551053335333,0.5575097682788497,0.4978821422136343,0.1518767958041501,0.17524760676326873,168.87049845067799,173.56023329527937,0.06736786315291483,0.895479166506077,True,True,True,0.05962762606521538
r2800_c3600,3,0.15214974647591237,0.15214974647591237,0.45839251074913656,0.4502765157241363,0.33865717657764255,0.33216865720047484,4.6711350802534595,4.775441891326986,0.013059864078987448,0.6888797522810178,True,False,False,0.008115995025000267
r2800_c3600,4,0.26240258229115665,0.2760041632626885,0.028204074849082234,0.29521760583056983,6.392987818793092,0.5736501068104856,4.996825526236878,12.291564817419982,0.02381748282130667,0.4226499174562135,True,True,True,-0.2670135309814876
r2800_c400,0,0.01915451822365661,0.01915451822365661,0.36559742766394665,0.3595327719867036,0.04916516443913316,0.0530099107562923,164.34245219707321,164.23244243266015,0.4237440219449978,0.49078365820324005,True,True,True,0.006064655677243069
r2800_c400,1,0.03821828837304667,0.03821828837304667,0.27187407191958374,0.2589115398929615,0.1282570849879818,0.15007392486059362,163.02692486433654,162.64544970454156,0.17825236627695865,0.4600123655132993,True,True,True,0.012962532026622231
r2800_c400,2,0.07625551053335333,0.07625551053335333,0.14088693425886237,0.1412374248790936,0.48673343843454725,0.5051161706359583,162.65138667754357,162.51643821566012,0.027025392538136635,0.40241175232367143,True,True,True,-0.00035049062023123634
r2800_c400,3,0.15214974647591237,0.15214974647591237,0.007466240782212794,0.019034099467700377,13.990785459484924,7.9098707843716625,162.40039337481497,162.35709435348735,0.0005295367152568422,0.4920485332605875,False,False,False,-0.011567858685487584
r2800_c400,4,0.26240258229115665,0.2760041632626885,6.437150858303094e-05,0.017979402342665273,6.830640086099727,32.792623616957776,179.49441871665994,162.27399884371658,0.02813301977739727,0.03557185645974235,False,True,False,-0.017915030834082243
r2800_c800,0,0.01915451822365661,0.01915451822365661,0.39346812659518937,0.38597356190936033,0.04853972208536147,0.0532339799245724,174.51959781870102,174.4023359877994,0.30176434893921195,0.6549846696664721,True,True,True,0.0074945646858290416
r2800_c800,1,0.03821828837304667,0.03821828837304667,0.3597008784855414,0.39256281564281503,0.10202775978433841,0.10343836599531878,170.7257989630592,168.83999682438167,0.17900658745626943,0.5413881912872174,True,True,True,-0.032861937157273646
r2800_c800,2,0.07625551053335333,0.07625551053335333,0.34793745851371166,0.26412334276579497,0.19510435354148858,0.2912402605457327,164.6224760959573,163.99498587923318,0.09276613274990275,0.43133087439777174,True,True,True,0.0838141157479167
r2800_c800,3,0.15214974647591237,0.15214974647591237,0.2370360320439596,0.20863782626955288,0.4671149790519613,0.5964792338151823,161.0820215262252,160.59606601113862,0.06275441833472487,0.23683322725818437,True,True,True,0.028398205774406715
r2800_c800,4,0.26240258229115665,0.2760041632626885,0.10481392573812072,0.24841580832033383,1.2540710500575643,0.6690176824187539,160.51904246653555,157.20869960005558,0.03396130517840676,0.2361226426382994,True,True,True,-0.14360188258221313
r3200_c2000,0,0.01915451822365661,0.01915451822365661,0.2615445687366095,0.25659627215495784,0.062276940848047725,0.06095691775168408,4.825676317199702,4.930844507630702,0.7632351927766765,0.32448288427377275,True,True,True,0.0049482965816516344
r3200_c2000,1,0.03821828837304667,0.03821828837304667,0.21420390712843834,0.18335803319082475,0.1496845870243883,0.16059890332123453,5.07472697529516,5.3399347841807865,0.6870068975174234,0.25909113546892626,True,True,True,0.030845873937613594
r3200_c2000,2,0.07625551053335333,0.07625551053335333,0.174056219061447,0.1536730275287831,0.3740852708411749,0.3884699610385283,5.3209080148752275,5.5701409970406415,0.6816062719560079,0.22253733041709156,True,True,True,0.020383191532663908
r3200_c2000,3,0.15214974647591237,0.15214974647591237,0.10181088563861722,0.09947068303808032,1.3402032495078,1.3278767857774134,5.716260309716381,5.914181683597846,0.5068173127023374,0.19493183924138102,True,True,True,0.0023402026005368975
r3200_c2000,4,0.26240258229115665,0.2760041632626885,0.07440538884677192,0.06584609607096163,2.3377136940094037,2.625422893465825,5.8822158357296175,5.985083647737931,0.3990889228442865,0.16406891600163587,True,True,True,0.008559292775810287
r3200_c2400,0,0.01915451822365661,0.01915451822365661,0.16915720107076523,0.16235877488981149,0.09465597161596241,0.09707713062808039,0.09924712716515968,0.17501406352905435,0.410724822530851,0.3495162185167697,True,True,True,0.006798426180953748
r3200_c2400,1,0.03821828837304667,0.03821828837304667,0.13695602729384174,0.11023391393852777,0.2319793096997197,0.2650154496641695,0.021530358899991303,0.07473351453319865,0.3594386570643984,0.26043051300131564,True,True,True,0.026722113355313964
r3200_c2400,2,0.07625551053335333,0.07625551053335333,0.10432505807089945,0.08429405652628305,0.6327550654018195,0.700865799305542,0.14528766596395953,0.02325913709751418,0.40668944762388076,0.17231664008703992,True,True,True,0.0200310015446164
r3200_c2400,3,0.15214974647591237,0.15214974647591237,0.08508163009090065,0.0814893998663351,1.4888513149987035,1.4609316061055955,0.19876363826669805,179.98918549934862,0.31356006684681736,0.16221984870156209,True,True,True,0.0035922302245655485
r3200_c2400,4,0.26240258229115665,0.2760041632626885,0.0721890292778865,0.07470348261990532,2.7212479053721683,2.5889779575212217,0.21956645316359952,179.975458879313,0.18942748768423445,0.15551094714589486,True,True,True,-0.0025144533420188298
r3200_c2800,0,0.01915451822365661,0.01915451822365661,0.22541075010079156,0.2203761145398415,0.07302125304846654,0.07247102544437958,173.55410378498306,173.6657737327892,0.562986478009545,0.3727585343307937,True,True,True,0.005034635560950074
r3200_c2800,1,0.03821828837304667,0.03821828837304667,0.19092570874018913,0.15081302381713552,0.16650467216838374,0.18895784787856784,173.3371590068112,173.77094297677843,0.7407074074690148,0.20188631672883572,True,True,True,0.040112684923053615
r3200_c2800,2,0.07625551053335333,0.07625551053335333,0.16195474083156594,0.14145843400103456,0.4061943508836042,0.4204444014747265,173.57045880705925,173.95088553233944,0.8641788800070338,0.15997718741094946,True,True,True,0.020496306830531386
r3200_c2800,3,0.15214974647591237,0.15214974647591237,0.09062736431731197,0.09305231564091601,1.6512006419132088,1.5003747151107258,173.46832591138104,173.651601693721,0.6254411762779831,0.1158235368545487,True,True,True,-0.002424951323604041
r3200_c2800,4,0.26240258229115665,0.2760041632626885,0.06348432195174568,0.06799029045451925,3.041387635827728,2.75967523847096,173.37020868928684,173.50940936513055,0.4815326804161224,0.08771481153586316,True,True,True,-0.004505968502773572
r3200_c800,0,0.01915451822365661,0.01915451822365661,0.4683704198330997,0.476546294157911,0.040392578356433284,0.04474363732180507,2.0550216473702334,2.103974387325517,0.0030403777020359215,0.7881535900996696,True,False,False,-0.008175874324811316
r3200_c800,1,0.03821828837304667,0.03821828837304667,0.39250973912301834,0.4490814601943,0.09072580475544707,0.0946562542631809,2.1441587135592473,2.0535139953944057,0.17602639505402834,0.7245309747041618,True,True,True,-0.056571721071281666
r3200_c800,2,0.07625551053335333,0.07625551053335333,0.30619065266214507,0.2702310286549126,0.2208144357262382,0.2753497096139471,179.79176854118074,179.88005854044098,0.10166948616172886,0.8909670195591178,True,True,True,0.03595962400723246
r3200_c800,3,0.15214974647591237,0.15214974647591237,0.2528398581737809,0.24831908805471148,0.5219374623181057,0.5329043897253735,179.2920736971609,179.38458220510623,0.12430072841230747,0.5568294381053444,True,True,True,0.004520770119069428
r3200_c800,4,0.26240258229115665,0.2760041632626885,0.3008085992152241,0.29090317792885517,0.612430902020461,0.6365083786008587,179.90260721642147,179.7885604420447,0.1812598133302491,0.5794761166596039,True,True,True,0.009905421286368954
