chunk,band,r_lo,r_hi,r_mid,fit_success,usable,T,se_T,p,se_p,a2a1,se_a2a1,a3a2,se_a3a2,a3a1,se_a3a1,alpha,se_alpha,n_ok_jk
r1600_c2000,0,0.009599999999977628,0.03821828837304668,0.01915451822365661,True,True,0.9340039594122801,0.14169922702487958,0.647231021947277,0.635381673153792,0.3166166775124165,0.23677526293303186,0.6048151323216214,0.06375613353463397,0.19149455770490434,0.1441377579118196,0.6090253756138299,0.08596403879351787,4
r1600_c2000,1,0.01915451822365661,0.0762555105333533,0.03821828837304667,True,True,0.9349834387501209,0.15201469440122212,0.5372553488386993,0.673045219201177,0.2909055478250447,0.2189317124716663,0.4978276761938351,0.15731701406329548,0.14482083286563657,0.11509404230683748,0.6335175365531941,0.1104125271203502,4
r1600_c2000,2,0.03821828837304668,0.15214974647591234,0.07625551053335333,True,True,0.9300805544473274,0.18412253473613197,0.3645432885122444,0.8750264681462794,0.2886154071026617,0.22682736775072723,0.41556470037954424,0.2667958583572765,0.1199383751775378,0.10455528768529547,0.7037382895385854,0.16762312341194957,4
r1600_c2000,3,0.07625551053335335,0.30357865537545703,0.15214974647591237,True,True,0.9744239950094891,0.3300440431885587,0.7146572554016049,2.025795357156585,0.17028641964298105,0.4486379054959516,0.3479779432017894,0.2586219753957568,0.05925591806256133,0.16042739358215727,0.7406014706857332,0.23783422404923016,4
r1600_c2000,4,0.1521497464759124,0.5006797572968483,0.2760041632626885,True,True,0.9739035187475285,0.3994660881961142,0.6588881877404313,2.1058985395630825,0.17087291581907896,0.5116943585699877,0.33023624279783165,0.22761973678349692,0.05642842971600281,0.19475579660812767,0.7880146826715256,0.35037783046497994,4
r1600_c2400,0,0.009599999999977628,0.03821828837304668,0.01915451822365661,True,True,0.8795429607724476,0.07601277101881848,0.42217262174083636,0.2753862976079256,0.4640726525804297,0.09690015207483278,0.7078369287548577,0.049437986382528505,0.3284877611216514,0.04414682487601656,0.604109732107976,0.011706579216811069,4
r1600_c2400,1,0.01915451822365661,0.0762555105333533,0.03821828837304667,True,True,0.8749870756902106,0.07614013554646962,0.3493661688591312,0.30881967177627273,0.4309221304219823,0.09582924864523133,0.6111201414937877,0.08941907215585279,0.26334519331628625,0.051467125981645774,0.5652188810747623,0.04410074104940302,4
r1600_c2400,2,0.03821828837304668,0.15214974647591234,0.07625551053335333,True,True,0.9241736512202985,0.065071463744614,0.4686428147394617,0.4197638542106985,0.3144976152756359,0.10117650540967846,0.5025118934758627,0.07213985574927845,0.15803879214580321,0.03144790257544762,0.4806963705426564,0.06628040407153388,4
r1600_c2400,3,0.07625551053335335,0.30357865537545703,0.15214974647591237,True,True,0.9037117631344359,0.07920899355854048,0.03286621345642571,0.4269749169564681,0.32775895904477165,0.13037920387883617,0.33871013097280195,0.06409479694946943,0.11101527994556383,0.050001624472082645,0.39815929860672944,0.09597980989758609,4
r1600_c2400,4,0.1521497464759124,0.5006797572968483,0.2760041632626885,True,True,0.8747135366088633,0.09077766884117708,-0.3693304239100159,0.6400067877299721,0.36419571686409624,0.12314253434217948,0.25173098133837307,0.07576808401996275,0.09167934520543122,0.01608685248175902,0.44203451820063444,0.10782388153029483,4
r2000_c2400,0,0.009599999999977628,0.03821828837304668,0.01915451822365661,True,True,0.9609194670940651,0.019468810960149945,0.9409441020813847,0.28423048175095905,0.2645115259843701,0.054101237018884446,0.6777841869463078,0.14058497868973316,0.17928172957724348,0.05854624928161698,0.6367144567136326,0.0631244433480538,4
r2000_c2400,1,0.01915451822365661,0.0762555105333533,0.03821828837304667,True,True,0.9764584264625781,0.010785462620636212,1.178247880569213,0.26110575453049867,0.20043530667618795,0.033442865003146256,0.6511495994563086,0.1250353428326738,0.13051336965910215,0.03480516313449136,0.6247254683139539,0.09269828410126449,4
r2000_c2400,2,0.03821828837304668,0.15214974647591234,0.07625551053335333,True,True,0.9855700318719963,0.017994126063096073,1.3574705830075104,0.5212423154126246,0.14486402977026802,0.058291814468058645,0.5629924173566642,0.16950904456825563,0.08155735030839097,0.028903338050732738,0.5017126193352858,0.2303015833721847,4
r2000_c2400,3,0.07625551053335335,0.30357865537545703,0.15214974647591237,True,True,0.7413486588186752,0.32473163641053054,-0.7015198664790125,1.4260811464887417,0.5216805126021242,0.3942706074073255,0.2586654399918247,0.0801315211579362,0.1349407193273891,0.09347575060664869,0.37239479396608227,0.08409730066898582,4
r2000_c2400,4,0.1521497464759124,0.5006797572968483,0.2760041632626885,True,True,0.18310458462200874,0.3421580183193853,-1.4222356725164864,0.41328498863804947,0.9078154896874495,0.20350185112816943,0.21894169910565522,0.0598453196305775,0.19875866578660265,0.049703218992469614,0.4564835760732483,0.11163479668717324,4
r2000_c2800,0,0.009599999999977628,0.03821828837304668,0.01915451822365661,True,True,0.9626436010640393,0.02536245768363759,0.9689303902946973,0.6577934109418949,0.2781288771736949,0.14250239049735033,0.7329041896978785,0.18643011514945818,0.20384181935656767,0.12992559283667368,0.8750465079741642,0.04940008993678193,4
r2000_c2800,1,0.01915451822365661,0.0762555105333533,0.03821828837304667,True,True,0.9766445191898576,0.014119947345161402,1.1970573804470241,0.2855702848243174,0.21482874748626538,0.033875139003473484,0.7111608023406719,0.22072426016089172,0.15277778442817408,0.06596098741838563,0.8823090818620862,0.027636757497774268,4
r2000_c2800,2,0.03821828837304668,0.15214974647591234,0.07625551053335333,True,True,0.9718200494227123,0.031121469275177872,1.1032980977620248,0.5879776980015725,0.2295617879807633,0.0481651514232552,0.691919984572386,0.24449543498224313,0.1588383887980591,0.03704247057259195,0.8337753230587854,0.12218520547812783,4
r2000_c2800,3,0.07625551053335335,0.30357865537545703,0.15214974647591237,True,True,0.9774413468341984,0.09475989129549102,1.1546662200740672,1.0684259310298374,0.2604172699595207,0.1512599922209605,0.8262946665740487,0.3387358900740497,0.21518140125132618,0.022090594962401712,0.6355153707313868,0.24971024547051004,4
r2000_c2800,4,0.1521497464759124,0.5006797572968483,0.2760041632626885,True,False,0.9645938367890439,0.05923966989321944,-3.048683067270443,1.2880232161626617,0.18817248173567186,0.1677923423884124,0.00892339010492604,0.45292676744396865,0.00167913646153947,0.08690488797816541,0.1061898089491311,0.11043313405333846,3
r2000_c3200,0,0.009599999999977628,0.03821828837304668,0.01915451822365661,True,True,0.9776228777231253,0.038801371589875365,1.1623136388469524,0.38795021409682157,0.2574392505705679,0.05278003032827661,0.8231162243040145,0.17435088789878161,0.21190242391730096,0.016303619094053163,0.6419060800140374,0.08967180489090537,3
r2000_c3200,1,0.01915451822365661,0.0762555105333533,0.03821828837304667,True,True,0.9988724958384466,0.013504556654686214,1.6390281133873192,0.19708750972078184,0.1912607212887101,0.022068368703242622,0.9850236426246525,0.08799589063020113,0.18839633237482364,0.01042614694527636,0.5995826105933671,0.05410928027295788,4
r2000_c3200,2,0.03821828837304668,0.15214974647591234,0.07625551053335333,True,True,0.9915945726688791,0.027049876347601087,1.569391565126633,0.40070484032515724,0.17985090616372712,0.04731090030426396,0.8639542134409215,0.18491497187299288,0.15538294817131984,0.04112415947846883,0.573483315555003,0.12107625234482268,4
r2000_c3200,3,0.07625551053335335,0.30357865537545703,0.15214974647591237,True,True,0.8841305897077509,0.09626575895784051,-0.05850440075508634,0.11963396368415197,0.3590916429087005,0.08533745869079856,0.33868593342372977,0.025406667932411954,0.12161928826319389,0.039383632312434635,0.4389481166236277,0.10264882562365447,4
r2000_c3200,4,0.1521497464759124,0.5006797572968483,0.2760041632626885,True,True,0.7004716057240459,0.13424982813026964,-0.4982772248457503,0.2859799944749356,0.5720263681210415,0.09393339994393182,0.3475497650697561,0.07212205354911187,0.1988076298541738,0.04037760762363202,0.5882433399038622,0.14493190794877478,4
r2000_c3600,0,0.009599999999977628,0.03821828837304668,0.01915451822365661,True,False,0.9999998869540627,,,,0.00033622304704578873,,0.0,,0.0,,0.5720482558722094,,0
r2000_c3600,1,0.01915451822365661,0.0762555105333533,0.03821828837304667,True,True,0.9066312240691344,0.09649610687046295,0.10849836222635467,0.3826011128722348,0.3256255969337092,0.1212987781332313,0.36294329426859073,0.03180809552374186,0.11818362684929674,0.027955824811627214,0.6656766729446503,0.09234015350620142,3
r2000_c3600,2,0.03821828837304668,0.15214974647591234,0.07625551053335333,True,True,0.9668834292067204,0.07598127563479454,0.6220820643428748,0.6307788811410479,0.19480284317303165,0.13019629559403068,0.3628792196961905,0.0736870201685151,0.0706899037252291,0.02800158077588744,0.6348611245902087,0.10537696625310494,3
r2000_c3600,3,0.07625551053335335,0.30357865537545703,0.15214974647591237,True,True,0.8179348025131807,0.29681393465933037,-0.8485070724245076,0.8449322256541756,0.43280964612628425,0.3140870479990816,0.1852656873388302,0.11828841720451246,0.08018477657646192,0.11629406741797943,0.4287366545870559,0.13869708844274573,4
r2000_c3600,4,0.1521497464759124,0.5006797572968483,0.2760041632626885,True,True,0.47992963476577255,0.3524797075485509,-1.332596635531145,1.7246058439755683,0.7276202815902352,0.4878943998217946,0.19193997354641526,0.1703344851540575,0.13965941760026496,0.19488028651423142,0.5359599396650147,0.19976407184814135,4
r2400_c1200,0,0.009599999999977628,0.03821828837304668,0.01915451822365661,True,True,0.8769407973184619,0.016636635099455892,0.24452874358071375,0.07694729519002862,0.399239170117982,0.0201027897117576,0.509836152627489,0.016316474541869474,0.20354656247114353,0.005136411782626677,0.6541936383303536,0.08307400396974922,3
r2400_c1200,1,0.01915451822365661,0.0762555105333533,0.03821828837304667,True,True,0.924701119311306,0.044791120560985345,0.37731165409140766,0.2647048236791609,0.303172228694664,0.06910795616441993,0.442133870055563,0.07364803376052646,0.134042710766142,0.042503426523013574,0.6022494344830063,0.12687345247586468,4
r2400_c1200,2,0.03821828837304668,0.15214974647591234,0.07625551053335333,True,True,0.9001963602430489,0.11329926574376462,0.08960739188217459,0.23656620070350762,0.33724393246796536,0.1377962046821702,0.3688587928537816,0.06376507637014692,0.12439538982739594,0.07164475406047081,0.5232227517806859,0.21186048793937856,4
r2400_c1200,3,0.07625551053335335,0.30357865537545703,0.15214974647591237,True,True,0.7746178457289704,0.18893722102984373,-0.3518858376500459,0.4068966093717034,0.4991747176440611,0.12621653604185343,0.35109973639533415,0.1152621464806337,0.1752601117800452,0.09486078273930389,0.5984378183046483,0.1611949581445706,4
r2400_c1200,4,0.1521497464759124,0.5006797572968483,0.2760041632626885,True,True,0.7260868548622461,0.28615008274157056,-0.4031712006241248,0.4536267819472363,0.551218963697284,0.19065531378240463,0.36832324024885754,0.1018935689292682,0.20302675479560098,0.09363647857801927,0.7262446150329641,0.19685016720027626,4
r2400_c1600,0,0.009599999999977628,0.03821828837304668,0.01915451822365661,True,True,0.788991238375436,0.05814724443363762,-0.027180287742324616,0.27423194214701246,0.51234543652349,0.03598580856160032,0.49860728929756826,0.11102242775532181,0.2554591692889566,0.04044531406220252,0.7136387863204611,0.11506612813548338,4
r2400_c1600,1,0.01915451822365661,0.0762555105333533,0.03821828837304667,True,True,0.8186820934396005,0.04526231572376133,-0.22747496401667777,0.225452243630989,0.4501661373613773,0.04801613185221114,0.35857639900762506,0.07600302808740965,0.1614189524902146,0.037971066585738185,0.6596731219275576,0.09562737154092682,4
r2400_c1600,2,0.03821828837304668,0.15214974647591234,0.07625551053335333,True,True,0.7878973525469787,0.0778203844044549,-0.7460585797082935,0.10680669790696785,0.4698259184639325,0.08265102279256391,0.22280649517939016,0.04698353732418116,0.10468026623738674,0.04243844269785536,0.5940315480160121,0.05130266159474972,4
r2400_c1600,3,0.07625551053335335,0.30357865537545703,0.15214974647591237,True,True,0.7878351339399101,0.2313044208405901,-1.0389980924010174,0.19351659422525092,0.46561822031432587,0.1751729950188564,0.16473991148768252,0.030949173298431935,0.0767059044016343,0.05087335501435656,0.5637603336403989,0.03955800502887509,4
r2400_c1600,4,0.1521497464759124,0.5006797572968483,0.2760041632626885,True,True,0.8455391813911485,0.29977332588841543,-1.0314314635855415,0.2128422946649114,0.3963753390365463,0.21315643924740718,0.14130633531692785,0.032720780318424805,0.05601034656925918,0.05735580667791497,0.5750321826019257,0.22229971519476588,4
r2400_c2000,0,0.009599999999977628,0.03821828837304668,0.01915451822365661,True,True,0.8764825340730512,0.04511998384396662,0.376044250309036,0.210022072433061,0.43842619316743703,0.036980891862323166,0.638572828828718,0.08878249230421142,0.27996705440353625,0.023704963840424368,0.6841123106779256,0.09196060479969963,3
r2400_c2000,1,0.01915451822365661,0.0762555105333533,0.03821828837304667,True,True,0.9083740370066685,0.051170625388164796,0.35406236837240934,0.4046176790136671,0.34172026413563306,0.07249916036064172,0.4868980847466436,0.15581712302057737,0.1663829421267569,0.06266737498616368,0.5581448639332066,0.049638417552045865,4
r2400_c2000,2,0.03821828837304668,0.15214974647591234,0.07625551053335333,True,True,0.9135475113149354,0.043549201073378535,0.2723930055032409,0.31815697402297466,0.32131324005367684,0.09090491867152893,0.4219173655111687,0.16765318603271606,0.13556763574730507,0.09593982500839929,0.520187652460712,0.05290191640467198,4
r2400_c2000,3,0.07625551053335335,0.30357865537545703,0.15214974647591237,True,True,0.9152105083913186,0.3536423937764419,0.1295460627261591,1.0678183166600628,0.3092505051641593,0.4469085551916607,0.35202342001251946,0.19747179748581448,0.10886342046848668,0.22312738967817516,0.4869559907715136,0.07111014148561808,4
r2400_c2000,4,0.1521497464759124,0.5006797572968483,0.2760041632626885,True,True,0.8945533004983718,0.35428783779347195,-0.20703579610303863,2.265667388943482,0.3361486763705049,0.5218242488565153,0.2732856964684925,0.14914731705801756,0.0918646251388753,0.20891127058572612,0.4455527317642471,0.09959303426218376,4
r2400_c2400,0,0.009599999999977628,0.03821828837304668,0.01915451822365661,True,True,0.9627515337786214,0.018094436809313,0.8182352782176616,0.1254687480341365,0.22189914496697963,0.05042664407843092,0.5029336510373855,0.09472436343490975,0.11160054714031716,0.04758663693244876,0.6363255557812852,0.10945676549054997,4
r2400_c2400,1,0.01915451822365661,0.0762555105333533,0.03821828837304667,True,True,0.9438010214692965,0.0502479397023465,0.580969673905436,0.48612099325858593,0.26778997186935594,0.0735345326002058,0.47874718477805767,0.12362930998367916,0.1282036951442494,0.015523262364741292,0.5863452804838961,0.08622638014593566,4
r2400_c2400,2,0.03821828837304668,0.15214974647591234,0.07625551053335333,True,True,0.9577138962078411,0.06900085706158096,0.7432034610193994,0.8315949878707181,0.23489870042375405,0.1284928163004512,0.4939122254883305,0.18055452931366422,0.11601933989061301,0.04446239150492821,0.5051809535667137,0.10092783778177529,4
r2400_c2400,3,0.07625551053335335,0.30357865537545703,0.15214974647591237,True,True,0.9800758968981225,0.08661905608851157,1.192544891630798,0.7421740242370012,0.169343864936953,0.1907681364471044,0.5580654464880989,0.12193110431584539,0.09450495959606099,0.09131935045299155,0.39983126957100656,0.06643830563901575,4
r2400_c2400,4,0.1521497464759124,0.5006797572968483,0.2760041632626885,True,True,0.9120280303581711,0.32920841887812397,0.3028388591279336,1.5752689253371253,0.3273620313265592,0.40610042761375054,0.4431487741885162,0.129857547978223,0.14507008289822734,0.12245216091432028,0.45723140498134957,0.1161820405983734,4
r2400_c2800,0,0.009599999999977628,0.03821828837304668,0.01915451822365661,True,True,0.9349053602862516,0.09405711932017752,0.6951233049336176,0.4583086976600013,0.39130531609819336,0.11646599518660587,0.7841586972225051,0.14785797429620234,0.3068454668877999,0.03654408388975989,0.8532477199704315,0.031804561843453226,4
r2400_c2800,1,0.01915451822365661,0.0762555105333533,0.03821828837304667,True,True,0.9739704480930799,0.022972000932471863,1.1419358118494936,0.36272290418936787,0.23643074651176857,0.059279857013746814,0.740696641148989,0.08926852166172991,0.17512345980561503,0.02344316911119504,0.7888252851161514,0.09213106954951053,4
r2400_c2800,2,0.03821828837304668,0.15214974647591234,0.07625551053335333,True,True,0.9705241700828897,0.013371522509441432,1.0683400504374498,0.2653127410169948,0.22398352059642943,0.024082239594759847,0.6519139214012669,0.13667663388998075,0.14601797524127974,0.02810374375392652,0.9217634122732749,0.20971331835175266,4
r2400_c2800,3,0.07625551053335335,0.30357865537545703,0.15214974647591237,True,True,0.8982274682848354,0.11995490862009771,0.20742479998130348,1.8192028769345725,0.34931806159978107,0.2746004551864855,0.42983768403841544,0.11043011007063061,0.15015006659083843,0.11031675097942588,0.20025177365332125,0.028454573559830564,4
r2400_c2800,4,0.1521497464759124,0.5006797572968483,0.2760041632626885,True,True,0.710096130250572,0.32099871349945064,-0.4197629181453173,2.1561345715510507,0.5671252642708898,0.4467981402301816,0.3727162051011852,0.17212616344454515,0.2113767763160528,0.17407945233421157,0.21997652385242172,0.06289349206122546,4
r2400_c3200,0,0.009599999999977628,0.03821828837304668,0.01915451822365661,True,True,0.9083698863194821,0.06200274325301023,0.5020296374502884,0.4073930315583483,0.375146466372671,0.07159034686725912,0.6197685885916407,0.1337564970035721,0.23250399597893173,0.01419632127894774,0.8434343735970942,0.05834383097637675,4
r2400_c3200,1,0.01915451822365661,0.0762555105333533,0.03821828837304667,True,True,0.9453413968655929,0.04060845235173385,0.758111424820413,0.4485484363342254,0.29667864883126066,0.05510959494046656,0.6331839545194641,0.171083571033554,0.18785216008846903,0.019452143282534654,0.7976390370042601,0.07079782583177449,4
r2400_c3200,2,0.03821828837304668,0.15214974647591234,0.07625551053335333,True,True,0.967656628066137,0.03373357581371953,1.0196207372394515,0.7161637998873157,0.23267991861139514,0.05128377602693111,0.6450220527324968,0.28120070657154544,0.15008367873235237,0.03745000633617979,0.6356779364773969,0.1533650956964955,4
r2400_c3200,3,0.07625551053335335,0.30357865537545703,0.15214974647591237,True,True,0.9467745195480083,0.08672025265745928,0.04897792630310516,0.6696806607622976,0.23783763985353648,0.1459140137582856,0.2497764159964114,0.15160607170931348,0.0594062332716616,0.048646279652470745,0.34066690927455456,0.0665421223223273,4
r2400_c3200,4,0.1521497464759124,0.5006797572968483,0.2760041632626885,True,True,0.8611059632556893,0.35235370498157415,-0.2926342373272419,0.5245895801286978,0.3868231351327951,0.3615993887090958,0.2886841939372676,0.12312449817725327,0.11166972496209769,0.17673659210379472,0.5459836187637721,0.09814201885402901,4
r2400_c3600,0,0.009599999999977628,0.03821828837304668,0.01915451822365661,True,False,0.9999999991669885,,-213.0225804007222,,2.8861940709331125e-05,,8.826618200099947e-98,,2.547533311551877e-102,,0.795924305535397,,0
r2400_c3600,1,0.01915451822365661,0.0762555105333533,0.03821828837304667,True,False,0.9999006637176482,,-2.933077304601584,,0.00996676027160642,,0.0005305602681228505,,5.287967002019677e-06,,0.7029132125113069,,0
r2400_c3600,2,0.03821828837304668,0.15214974647591234,0.07625551053335333,True,False,0.9938587210989374,0.023841315255510975,-5.210996258812415,0.4783338835013824,0.07836631940426468,0.08092507401262243,0.00042758506703010447,0.07071658779752821,3.350826793537509e-05,0.04273326432711129,0.6324504919053998,0.05403049687781103,2
r2400_c3600,3,0.07625551053335335,0.30357865537545703,0.15214974647591237,True,True,0.9989584346923229,0.16552931440832022,1.9814175681927768,2.474564226322916,0.13387731708543002,0.24799964738940836,0.9710145033015037,0.574529787164728,0.12999681655304676,0.08362632744805454,0.37748503251103893,0.1559365477783599,4
r2400_c3600,4,0.1521497464759124,0.5006797572968483,0.2760041632626885,True,True,0.7637520906675531,0.2909821973680898,-0.39313024098084925,1.7301029714422427,0.509623615360778,0.3386368979850016,0.3439657894580825,0.39492130381301505,0.17529308918405218,0.05510110713310578,0.2042690385202535,0.10681146380928268,4
r2400_c4000,0,0.009599999999977628,0.03821828837304668,0.01915451822365661,True,False,0.9999997541352623,0.013370779963830624,-184.16234529705568,0.17028645458461994,0.0004958474943684057,0.012527500210225213,5.183913976611701e-84,0.09655132736191878,2.5704307563242703e-87,0.01782743622167875,0.7739181030917948,0.018955482791728175,3
r2400_c4000,1,0.01915451822365661,0.0762555105333533,0.03821828837304667,True,False,0.9890797759925062,0.014180262909611769,-1.208507573323255,0.32553609319080323,0.10455029361887144,0.033697645110726336,0.03122317666755233,0.11676455896470263,0.0032643922883064925,0.007301830996416513,0.7245399262934026,0.08952369720748904,4
r2400_c4000,2,0.03821828837304668,0.15214974647591234,0.07625551053335333,True,True,0.9723236920382973,0.019608583037975122,1.0903642440714494,0.4591341723081685,0.21326928697578948,0.041127306304338425,0.6345524005869289,0.16817834411620655,0.13533053802194986,0.020413236859108667,0.6181514746173872,0.127227599797765,4
r2400_c4000,3,0.07625551053335335,0.30357865537545703,0.15214974647591237,True,False,0.9999936461766417,0.012805644029627439,4.834184868616022,0.6676759473394724,0.0026768572634072495,0.030762030448919248,0.3365774587763946,0.3101349088666726,0.000900969815224746,0.032604112204473075,0.12422099414877352,0.3867851349193842,3
r2400_c4000,4,0.1521497464759124,0.5006797572968483,0.2760041632626885,True,True,0.8232806332338205,0.2456515757452754,-0.6273749417299241,1.4197432274803181,0.4298028666159829,0.3364661733297628,0.2295111729301773,0.09120729373125248,0.09864456004578677,0.07322765273932888,0.15058453921149006,0.06977141233028525,4
r2400_c4400,0,0.009599999999977628,0.03821828837304668,0.01915451822365661,True,False,0.999999286031193,,,,0.0008449667489987613,,0.0,,0.0,,0.7182091681201109,,0
r2400_c4400,1,0.01915451822365661,0.0762555105333533,0.03821828837304667,True,True,0.9807049843564405,0.009708815579807599,1.2681756020467883,0.29774554392589303,0.1786448191350931,0.02171738535517519,0.6349683696087296,0.25424150650395155,0.11343380954525645,0.05826052049423311,0.7052547472450597,0.06721448995664922,4
r2400_c4400,2,0.03821828837304668,0.15214974647591234,0.07625551053335333,True,True,0.9864501074199122,0.008568628934419387,1.3907914014093712,0.3136073945538382,0.14064941530776923,0.0550078883048793,0.5651333829283164,0.30442834376518596,0.07948567987976934,0.07531817246490216,0.5706317868999621,0.07198319010622575,4
r2400_c4400,3,0.07625551053335335,0.30357865537545703,0.15214974647591237,True,True,0.9885352550312344,0.01310956786748962,1.254320913579282,0.7913001789185986,0.11733308588407662,0.09056980978815156,0.41130609400090845,0.2261107428539422,0.04825981325205268,0.06624513466626568,0.4493998691986783,0.3726215437352374,4
r2400_c4400,4,0.1521497464759124,0.5006797572968483,0.2760041632626885,True,True,0.8963097120505991,0.19928827605391233,-0.2070507051185999,1.9126333378192133,0.33314807750336417,0.31303472454097414,0.27084219993177316,0.26790002876342056,0.09023055821405201,0.0391260469412925,0.3920296201511658,0.19323868243998815,4
r2400_c800,0,0.009599999999977628,0.03821828837304668,0.01915451822365661,True,True,0.9355241815943087,0.01416123596899554,0.624850588577385,0.11011529900622789,0.3037493071700465,0.019043625579710243,0.5673936337697747,0.030300639182724035,0.1723454231502642,0.001148412895614566,0.5615497027478756,0.0964957010854965,3
r2400_c800,1,0.01915451822365661,0.0762555105333533,0.03821828837304667,True,True,0.9717096202996348,0.0005208402986884194,0.9697722862505782,0.13622843750580363,0.19520029795377092,0.03264974557191247,0.5148103017189996,0.1383380609176003,0.10049112428521942,0.05901189660719331,0.532067313577521,0.08459275760281947,3
r2400_c800,2,0.03821828837304668,0.15214974647591234,0.07625551053335333,True,True,0.9790122756434745,0.10296065589121206,0.8840592588969841,0.7759683645542161,0.15621924378237365,0.20079113499354076,0.3781608704724592,0.14003343546366318,0.05907600521329173,0.11065789629681703,0.3879279894909437,0.05087597485943265,4
r2400_c800,3,0.07625551053335335,0.30357865537545703,0.15214974647591237,True,True,0.776081995032487,0.2366682742390067,-0.37494388200212847,0.446798213164936,0.4961134610657056,0.12583594286278027,0.3409925981393164,0.09702244553492644,0.16917101806068358,0.043447885464969166,0.6991148095342685,0.06262594883275009,4
r2400_c800,4,0.1521497464759124,0.5006797572968483,0.2760041632626885,True,True,0.6982047768824788,0.1914023276749829,-0.5177459004286751,0.3426580138262849,0.5731976947403589,0.09902283290681246,0.34154682107314654,0.07695185476104319,0.1957738504850254,0.03461029655349219,0.8888404359996718,0.09125910112756865,4
r2800_c1200,0,0.009599999999977628,0.03821828837304668,0.01915451822365661,True,True,0.9000809739302421,0.011919819251966697,0.29126833292529053,0.17993276641329026,0.3537932309897801,0.019534108248390598,0.47341907134151556,0.08676501591866644,0.167492462862096,0.035372706423147146,0.8988761294911461,0.051795095205893024,4
r2800_c1200,1,0.01915451822365661,0.0762555105333533,0.03821828837304667,True,True,0.9823685540476572,0.017320762041463145,1.1724664973727812,0.2815025531103093,0.15198820763581003,0.07299234203537441,0.49091423277287727,0.097067903014317,0.07461317434205844,0.04962689544198416,0.8518021391282217,0.08441281565391766,4
r2800_c1200,2,0.03821828837304668,0.15214974647591234,0.07625551053335333,True,True,0.9987628006205166,0.0032014106623081537,2.4106317745666312,0.6874447698699113,0.039061605934237915,0.03603847510194545,0.43518525488002413,0.02644938793238937,0.01699903493451439,0.017009547544097274,0.5446438704450233,0.036351664487348834,3
r2800_c1200,3,0.07625551053335335,0.30357865537545703,0.15214974647591237,True,True,0.9956937509061989,0.007181245290838217,1.566917099910385,0.884347762475938,0.06958697874930243,0.056945295787718675,0.3334505447691107,0.04664123189876845,0.023203815972791426,0.02004725579251743,0.42237490597007943,0.143888733072473,4
r2800_c1200,4,0.1521497464759124,0.5006797572968483,0.2760041632626885,True,True,0.96316557654861,0.20696126143036994,0.5764696699719947,2.106668004208689,0.20564741959812086,0.4078167915578564,0.3659998110075263,0.01947769950435816,0.0752669167070977,0.1487674836588943,0.49797306436947647,0.09297443236690135,4
r2800_c1600,0,0.009599999999977628,0.03821828837304668,0.01915451822365661,True,True,0.9117308644113278,0.04538718036141374,0.5081048764364127,0.26497571172456325,0.3639664927134781,0.07129866984643657,0.6049626295904558,0.06865408772314475,0.22018612651476113,0.03929946087019496,0.9127564002682662,0.10159549187152353,4
r2800_c1600,1,0.01915451822365661,0.0762555105333533,0.03821828837304667,True,True,0.9795590688034026,0.02227661685622607,1.2581717764060372,0.4354815995588981,0.1936177082063917,0.07530082602473691,0.6813372526589456,0.11292447816112694,0.13191895737546433,0.0520372050500541,0.7870379314260153,0.1858599294412808,4
r2800_c1600,2,0.03821828837304668,0.15214974647591234,0.07625551053335333,True,True,0.991862128705363,0.008328958594614726,1.7163306127811984,0.2720686283133726,0.1262559466132907,0.03905599542410541,0.7024974573107405,0.16273185842667398,0.08869448146619732,0.04669215023264675,0.5591214763815553,0.07026176723835999,4
r2800_c1600,3,0.07625551053335335,0.30357865537545703,0.15214974647591237,True,True,0.9963303924595234,0.07748809690604545,1.7450379555121027,1.7152592006675085,0.0652947392841274,0.2419557159664977,0.3738854347480681,0.08421101534923395,0.024412751984007736,0.0966682785208442,0.26505724359781435,0.040060308136919374,4
r2800_c1600,4,0.1521497464759124,0.5006797572968483,0.2760041632626885,True,True,0.7709393748582806,0.11684879673320239,-0.08677798210928844,0.30318355138115166,0.5289605770042609,0.07631746509508008,0.4849937107611171,0.15611589693603772,0.2565425530876381,0.11005312186581706,0.4576954568689793,0.09576132240625533,4
r2800_c2000,0,0.009599999999977628,0.03821828837304668,0.01915451822365661,True,True,0.9417292445388046,0.0021467373027022063,0.7406293845048229,0.018330525327490577,0.37833811655842087,0.015628968571957225,0.7934715365478907,0.018628107496190482,0.30020052668024516,0.018383540162655837,1.0686411248307575,0.012059842332082904,2
r2800_c2000,1,0.01915451822365661,0.0762555105333533,0.03821828837304667,True,True,0.9538616414718868,0.006919907395187414,0.830408109947629,0.06867157246499851,0.35576357618459253,0.061249744908002175,0.8162123127693925,0.08997351012143076,0.2903786113167363,0.07364269253803928,0.7649395279552288,0.12038187984973103,3
r2800_c2000,2,0.03821828837304668,0.15214974647591234,0.07625551053335333,True,True,0.9086339722668685,0.13800792540689596,0.23713651231366095,0.859249473562926,0.32951318354075565,0.1859284420695754,0.4176955743660209,0.17252602254909258,0.137636198460232,0.04490301813001831,0.37199484975172226,0.2430572669850778,4
r2800_c2000,3,0.07625551053335335,0.30357865537545703,0.15214974647591237,True,True,0.7973277078594158,0.34159621563636255,-0.38565558399865657,1.6420713999189818,0.46969895679024837,0.4210055725191056,0.3193974934346623,0.17311117331272433,0.15002066946768108,0.13209269981510546,0.3589527044662596,0.06241757877173408,4
r2800_c2000,4,0.1521497464759124,0.5006797572968483,0.2760041632626885,True,True,0.6929253968821756,0.49383948829712915,-0.6408996547290533,0.8365025504360482,0.5724774047887582,0.4436723926573091,0.30159154813093264,0.1460936841366545,0.17265434678022018,0.1290820534696185,0.3964668969492583,0.14622468083885726,3
r2800_c2400,0,0.009599999999977628,0.03821828837304668,0.01915451822365661,True,True,0.9396918514258302,0.04677980373122906,0.6911612542710603,0.16785659313089776,0.41846806220678023,0.05139587601388122,0.8352756802675291,0.12498774662533546,0.349536195330003,0.07345972670980461,1.218380469578252,0.08827353364159266,4
r2800_c2400,1,0.01915451822365661,0.0762555105333533,0.03821828837304667,True,True,0.9561926528708767,0.030360314051269755,0.8298499815941605,0.14213148859720667,0.3657465204756576,0.040745749019471145,0.8386475275905213,0.13146119728040986,0.3067324151217462,0.07013631005271745,0.8327745084425043,0.022114789335457796,4
r2800_c2400,2,0.03821828837304668,0.15214974647591234,0.07625551053335333,True,True,0.9355821754092115,0.025230929715117457,0.7103796847483599,0.11838767944457118,0.36701554667941805,0.07060637926041313,0.746789904648425,0.18401102400321348,0.2740835051092122,0.11509476333277313,0.6982925213574824,0.2510683953384686,4
r2800_c2400,3,0.07625551053335335,0.30357865537545703,0.15214974647591237,True,True,0.9860922022835698,0.0280667707317843,1.356042644065901,0.4948519558972526,0.1401114544730417,0.05213660124191405,0.5437452535883437,0.17409499087613312,0.07618493834307573,0.04597812046230343,0.33394884238214023,0.14649034939468952,4
r2800_c2400,4,0.1521497464759124,0.5006797572968483,0.2760041632626885,True,True,0.9764835426862761,0.14113232714074303,1.1163307802275335,0.6530336245624557,0.18469236914394585,0.2625417465861969,0.5639820088073959,0.26006958627890553,0.10416317336119968,0.15431330692220147,0.3664582648265983,0.1800477600775089,4
r2800_c2800,0,0.009599999999977628,0.03821828837304668,0.01915451822365661,True,True,0.9078123710763091,0.041007620176282324,0.4766333681337933,0.33556699819689817,0.3678271176097252,0.07257626964847623,0.5924381070117628,0.08114942043382768,0.21791480126429866,0.03179479072764102,0.8015570900827675,0.029203281310160006,4
r2800_c2800,1,0.01915451822365661,0.0762555105333533,0.03821828837304667,True,True,0.8662983745858566,0.058988478372608164,0.18829140222382934,0.3565965468824089,0.41270696310465277,0.09071328958684316,0.498213754537943,0.06333455240058826,0.20561628561232134,0.032785940853624754,0.7513050714849414,0.06699351891610693,4
r2800_c2800,2,0.03821828837304668,0.15214974647591234,0.07625551053335333,True,True,0.8106630338138476,0.08942358421986335,-0.10917213595992381,0.3499106876839409,0.4703516855993015,0.11128516909042137,0.4217060663718196,0.04795393409349492,0.19835015914543627,0.036790371586231364,0.6212400886958975,0.07519404996683181,4
r2800_c2800,3,0.07625551053335335,0.30357865537545703,0.15214974647591237,True,True,0.8778025036556736,0.16021535721032032,-0.09806876385589347,0.7732657212354634,0.3680083117645525,0.2253502703728286,0.33363138986404783,0.06661777492846768,0.12277912453552949,0.06929996743707163,0.4098057124112089,0.060684765787723,4
r2800_c2800,4,0.1521497464759124,0.5006797572968483,0.2760041632626885,True,True,0.7289671011722151,0.23231210811143024,-0.44970218742748735,0.5415625189085826,0.545190298817416,0.23691690952146602,0.3477322261268199,0.051925205509659095,0.18958023627052623,0.07683045583108149,0.47985698890173917,0.25358823128838004,4
r2800_c3200,0,0.009599999999977628,0.03821828837304668,0.01915451822365661,True,True,0.9120260604092005,0.04856864321268632,0.48162644268682886,0.29916109885503855,0.35465612108007155,0.0862872909254623,0.5740836340820442,0.03062912280452496,0.20360227483908896,0.03904159275540098,0.8013236109064593,0.031416218668685325,4
r2800_c3200,1,0.01915451822365661,0.0762555105333533,0.03821828837304667,True,True,0.9500078417817714,0.031379916544400185,0.6187665160793903,0.3197461381884285,0.25096316196609236,0.07546475514786266,0.46594736605412795,0.010122703048505806,0.11693562429471624,0.032968315795168505,0.6585335139942812,0.038428777853030886,4
r2800_c3200,2,0.03821828837304668,0.15214974647591234,0.07625551053335333,True,True,0.9845520544443929,0.025583115194045245,0.879870609145875,0.7772550700359117,0.1308661680540698,0.10272598526732639,0.31546438529437776,0.027436740038803253,0.04128361526100787,0.035761266837390754,0.48687733091394436,0.16599749746273845,4
r2800_c3200,3,0.07625551053335335,0.30357865537545703,0.15214974647591237,True,True,0.9807709825058537,0.013653406553625711,0.6951267796772469,0.2952531324493619,0.14477300054225622,0.04301289413636278,0.2901197538054985,0.017223813015924738,0.042001507275002674,0.010260093272704555,0.4385314244076313,0.17327035933866397,4
r2800_c3200,4,0.1521497464759124,0.5006797572968483,0.2760041632626885,True,True,0.9752485494092813,0.10344502222969335,0.7482671031667971,1.1660119260076738,0.16798866200795104,0.22396933293451599,0.35501626035548656,0.03749582579465277,0.05963870656818458,0.06865628803178545,0.30166376334206274,0.07758797840140613,4
r2800_c3600,0,0.009599999999977628,0.03821828837304668,0.01915451822365661,True,True,0.9727935279356958,0.02203944020485795,1.032669388557335,0.23941750335557926,0.302694355790903,0.039039397635170836,0.8501331278297651,0.1006297560100462,0.25733049946493614,0.021863203299810036,0.723354112482917,0.05536920069634546,4
r2800_c3600,1,0.01915451822365661,0.0762555105333533,0.03821828837304667,True,True,0.9898910217644578,0.01340001544540508,1.4522986431329907,0.31122151375195434,0.2049845765551793,0.03382740594022407,0.875883755670488,0.1319469488943701,0.1795426607676751,0.011515101088961725,0.7100543831686555,0.03911921432293247,4
r2800_c3600,2,0.03821828837304668,0.15214974647591234,0.07625551053335333,True,True,0.9958453839825552,0.009424843928318856,1.6836285276652099,0.36226268147752233,0.1726276199932522,0.048826843096907074,0.9296101610952128,0.07894843652836411,0.16047638963141037,0.031749950369825565,0.5894987563664774,0.09297709718160763,4
r2800_c3600,3,0.07625551053335335,0.30357865537545703,0.15214974647591237,True,True,0.9908610247575009,0.022140100267584728,1.64991175232324,0.6071193657924931,0.14532598447664108,0.11522995805395528,0.7566426946286615,0.08530271989432076,0.10995984449396874,0.08652523181077301,0.42103940303433096,0.39023510528415967,4
r2800_c3600,4,0.1521497464759124,0.5006797572968483,0.2760041632626885,True,True,0.9946554336187495,0.004747711110768438,1.7645110265711295,0.0627750919207879,0.14993206958950786,0.0273835463527801,0.8754108759767505,0.06184530041199707,0.1312521643763582,0.014841091924925389,0.3259711934494585,0.0125416556539013,2
r2800_c400,0,0.009599999999977628,0.03821828837304668,0.01915451822365661,True,True,0.8568637514134267,0.0710289136259991,0.14395834613713898,0.3266610532033003,0.4245873695968858,0.08710092552103764,0.49032878131464713,0.06278571516774636,0.20818740749603265,0.022128904007920197,0.7913283658525376,0.054006585141407285,4
r2800_c400,1,0.01915451822365661,0.0762555105333533,0.03821828837304667,True,True,0.9584570918134941,0.03604346302825437,0.6933389634527716,0.5217934446641731,0.22771985166253286,0.08831844349094133,0.45552705724510334,0.07274268496552838,0.10373255390412506,0.029843614895386263,0.7200460542203186,0.02967204767537407,4
r2800_c400,2,0.03821828837304668,0.15214974647591234,0.07625551053335333,True,True,0.9672476550694723,0.02123822390071182,0.7609751202040038,0.41103113268022823,0.19938862306844352,0.061197083877166526,0.42676389461053055,0.07377352008326993,0.08509186532172003,0.023983519646777033,0.6298259864809694,0.026163439346438114,4
r2800_c400,3,0.07625551053335335,0.30357865537545703,0.15214974647591237,True,True,0.9649266228728709,0.01453941913442205,0.24576895377113894,0.32607496894115895,0.19303852772759617,0.04521693043233915,0.24681985740226625,0.015496040053802012,0.04764574188686871,0.008938878295298715,0.4048551146345846,0.10187932932016532,4
r2800_c400,4,0.1521497464759124,0.5006797572968483,0.2760041632626885,True,True,0.9535048830998034,0.37606255323924975,-0.0271507267646931,1.9216560771186701,0.22052424085293085,0.41937168657509605,0.21461739783877617,0.07537415458016712,0.04732833873222756,0.03681974137786082,0.4113393434737242,0.22494353358954886,3
r2800_c800,0,0.009599999999977628,0.03821828837304668,0.01915451822365661,True,True,0.942426449557976,0.04316150882874914,0.7362524736623746,0.3086331243985457,0.3057526832007535,0.09674768351059033,0.6384408447693481,0.03760226214542727,0.19520500135318394,0.06114809246765057,0.9616823844481323,0.03149983223198047,4
r2800_c800,1,0.01915451822365661,0.0762555105333533,0.03821828837304667,True,True,0.9771322304432416,0.028922250560726143,1.1066902140153603,0.5584946782686402,0.1790140963741064,0.09200505670982702,0.5413980456949327,0.060998529281740536,0.09691788192878553,0.04338640041131293,0.6768502716582363,0.12485810364516726,4
r2800_c800,2,0.03821828837304668,0.15214974647591234,0.07625551053335333,True,True,0.958267071316137,0.05979899156712124,0.68551579315355,0.6787709942420987,0.22782051945844642,0.13752916130031972,0.45217709977252596,0.05262414496327134,0.10301522175739061,0.05004482066643834,0.5767790644224063,0.09495359680287323,4
r2800_c800,3,0.07625551053335335,0.30357865537545703,0.15214974647591237,True,True,0.9465738600417248,0.1678097891870513,0.10143037615474326,0.8088107420016343,0.23921271389883209,0.27352728736385756,0.2647493550931285,0.08278665274542495,0.06333141173479286,0.0986228266105163,0.3309190738594927,0.11563195187046772,4
r2800_c800,4,0.1521497464759124,0.5006797572968483,0.2760041632626885,True,True,0.8555036841700231,0.21522006396872112,-0.3793333677709487,1.5826883749496883,0.3924247295694682,0.341642329695607,0.2685430883939471,0.12580007705599394,0.10538294884074449,0.0963111733779126,0.4635980109954426,0.2904698840138002,4
r3200_c2000,0,0.009599999999977628,0.03821828837304668,0.01915451822365661,True,True,0.44474927031532424,0.42609339649774997,-0.8553309243054263,0.34375217530119406,0.7632359886267788,0.2547689709223347,0.3244840393674523,0.04576831393834946,0.24765789658022805,0.09573491654015236,0.49766886627174617,0.15340816127434156,4
r3200_c2000,1,0.01915451822365661,0.0762555105333533,0.03821828837304667,True,True,0.5452956128869154,0.460441937577395,-0.9751652988491177,0.4401536569904455,0.6870088778051483,0.30114594340962464,0.2590916644442908,0.04257694642727244,0.17799827363854026,0.08552518056992943,0.5922249464250839,0.15140946800562216,4
r3200_c2000,2,0.03821828837304668,0.15214974647591234,0.07625551053335333,True,True,0.5480219173188086,0.23926577170311844,-1.1193529544570646,0.24526586051151433,0.6816061150473912,0.19579728552144124,0.2225382490388752,0.06896706806153376,0.15168343137683654,0.08596735425043694,0.7469168636353822,0.19673625162840905,4
r3200_c2000,3,0.07625551053335335,0.30357865537545703,0.15214974647591237,True,True,0.717207143988057,0.44254198726302857,-0.9317757443515268,0.3691228130149422,0.5406460716328535,0.3808620138814936,0.21293545870245129,0.09098277621359671,0.11512271925881999,0.15821237489446008,0.8471998051461338,0.22319452843739143,4
r3200_c2000,4,0.1521497464759124,0.5006797572968483,0.2760041632626885,True,True,0.7565372886683961,0.578168236531935,-0.8301652548705931,0.45813504766407537,0.5026341503790949,0.45566766336443604,0.21913704609705026,0.09383381793026498,0.11014576298157538,0.18654242908410412,0.9632580042540297,0.5004928674306838,4
r3200_c2400,0,0.009599999999977628,0.03821828837304668,0.01915451822365661,True,True,0.8487527179706369,0.4158821489137728,-0.161562192300309,0.725378132824079,0.41078152995676454,0.37890841081991117,0.3494985187915897,0.007840847182752587,0.14356753626683225,0.13562102820509234,0.5945072479881275,0.17432959951329563,4
r3200_c2400,1,0.01915451822365661,0.0762555105333533,0.03821828837304667,True,True,0.8784848716940542,0.5341693525368151,-0.3222923181758478,1.0310266934701304,0.3594631194840537,0.49224044333646555,0.26042613376029156,0.018731839526492513,0.09361359043664583,0.1405980881530673,0.6619850640893413,0.1573083570782314,4
r3200_c2400,2,0.03821828837304668,0.15214974647591234,0.07625551053335333,True,True,0.8387329582829643,0.2151217009670645,-0.8587294737170824,0.4012703328508508,0.4066761728123615,0.28446268624461307,0.17230871985896987,0.08715868445063153,0.07007385073444322,0.10349800561134667,0.7476676103389058,0.13564592559709615,4
r3200_c2400,3,0.07625551053335335,0.30357865537545703,0.15214974647591237,True,True,0.9067002959819158,0.09547158800319744,-0.6564553908251286,0.2130498815502279,0.30907223406642576,0.1112657977055754,0.16031163280686497,0.010297862869149133,0.04954787449845427,0.04381272010465365,0.9140184374656891,0.05632966866874828,2
r3200_c2400,4,0.1521497464759124,0.5006797572968483,0.2760041632626885,True,True,0.9513291615884899,0.2131134919211907,-0.27372164246343766,2.0351393810757807,0.22371686278969727,0.39547343837895677,0.17014646151451593,0.14737163419582802,0.03806463258479546,0.14649454172283938,1.0043256940425265,0.8613880524715394,4
r3200_c2800,0,0.009599999999977628,0.03821828837304668,0.01915451822365661,True,True,0.7144939439259828,0.2787338762842885,-0.41234515165329055,0.3887212309773743,0.5630059674401573,0.23577635396125127,0.3727638375368439,0.005817715405339924,0.20986826497913638,0.09183952303816412,0.47199292454091396,0.14952714466740485,4
r3200_c2800,1,0.01915451822365661,0.0762555105333533,0.03821828837304667,True,True,0.4616862354442693,0.3396166366639085,-1.2999008369916305,0.22675496981571322,0.7407007070750079,0.23359484400721617,0.2018845102835329,0.02976059936781877,0.14953599951450453,0.07132581635137948,0.5188867187802225,0.12883749837449726,4
r3200_c2800,2,0.03821828837304668,0.15214974647591234,0.07625551053335333,True,True,0.2581340198685392,0.1803170165701102,-1.6867516752749712,0.5233421778510806,0.8641756354457967,0.12733092986328834,0.15997608809135458,0.08753609185206897,0.1382474375824791,0.0477870022754336,0.6875534199307702,0.12897478661298958,4
r3200_c2800,3,0.07625551053335335,0.30357865537545703,0.15214974647591237,True,True,0.5600604011793952,0.0701846784336458,-1.6225291787647627,0.6352956818827906,0.66651824529806,0.08729657447215372,0.13156990867628937,0.1479249825120958,0.08769374466494641,0.07611873235397999,0.7416883802160998,0.11125553431068148,4
r3200_c2800,4,0.1521497464759124,0.5006797572968483,0.2760041632626885,True,True,0.6251926980232461,0.12318712705786859,-1.5502863268519314,1.2441467619792648,0.6155057234959485,0.27510961516405913,0.13060244235050053,0.1519461398132346,0.08038655076928272,0.09338031681483935,0.8136242109650406,0.13031586307712525,4
r3200_c800,0,0.009599999999977628,0.03821828837304668,0.01915451822365661,True,False,0.9999953977984335,,5.421077548012615,,0.0034854958487770303,,0.788149555393544,,0.00274709200353966,,0.5592790753861167,,1
r3200_c800,1,0.01915451822365661,0.0762555105333533,0.03821828837304667,True,True,0.9850337451356241,0.03428740789022926,1.4147858705648184,0.3648996525923786,0.17604705124987247,0.11103470729121509,0.7245401418614766,0.11209412080487703,0.12755315548687723,0.09118239360807948,0.5330362375605632,0.04183466739490258,4
r3200_c800,2,0.03821828837304668,0.15214974647591234,0.07625551053335333,True,True,0.9861816454806883,0.05186054507768167,1.4546329900820858,0.5842493125008572,0.16712925016826138,0.08862334453639618,0.7157997551413383,0.29031693797774494,0.11963107634739696,0.07431969358897288,0.4958127236246375,0.0875064945262363,4
r3200_c800,3,0.07625551053335335,0.30357865537545703,0.15214974647591237,True,True,0.9892858070125577,0.06488347094259642,1.4994195600571187,0.6526099424995722,0.12431664125832162,0.10609471171861797,0.5568252349626885,0.24122682694564188,0.0692226429784372,0.03917460546895418,0.4965095465244844,0.07913767737559153,4
r3200_c800,4,0.1521497464759124,0.5006797572968483,0.2760041632626885,True,True,0.977935492145625,0.14109298173197177,1.1622251825989585,0.6318919699069462,0.1812530656486861,0.1759404015247169,0.57947318561084,0.21150606186088622,0.10503129135317486,0.083133281301592,0.6623111058727689,0.10746505100912207,4
