chunk,row,col,mode,profile,T,a1,a2a1,a3a1,a3a2,alpha,b2b1,beta,chi2,error,fit_success,incl,n_fit,p,pa2d,phi,psi,rcut,rms_resid,se_T,se_a2a1,se_a3a1,se_a3a2,se_alpha,se_b2b1,se_beta,se_incl,se_p,se_pa2d,se_phi,se_psi,se_theta,se_var_inf,theta,var_inf
r1600_c2000,1600,2000,3d,powerlaw,0.9927110362964913,nan,0.09830462992529984,0.048910875660031536,0.49754396814471663,0.7148540377950215,0.3820072519757213,,181346.43553059793,,True,45.899444032884645,27938,1.6216128048777225,7.84481740080084,171.515537406036,-153.37573131647488,0.1,2.547750264435087,0.06800470348808095,0.25668716924357415,0.16870759761263832,0.1466236910825569,0.17691749566903298,0.23033216437468593,,18.467305710978795,1.4925646256557599,4.603545947060521,13.326691262174194,13.952698357860056,18.467305710978795,,45.899444032884645,
r1600_c2000,1600,2000,2d,powerlaw,,nan,,,,0.7320637876477053,0.3828960316495182,,128437.4562571407,,True,,15220,,7.096348748132722,,,0.1,2.90494906282895,,,,,0.13154450011269825,0.2861696980047326,,,,4.145712545221901,,,,,,
r1600_c2000,1600,2000,3d,weibull,0.992710728532292,6.312988231485345,0.09830663662009685,0.04891177681569137,0.49754297875848924,0.714853842909423,0.38201050419676125,9.999999999999998,181346.4532002732,,True,45.89816635564658,27938,1.621590403519522,7.844531478751135,171.51558401141622,-153.37699613136354,0.1,2.547750388556409,0.06907692926343555,0.2580288711428174,0.16870358653006032,0.14475110979269667,0.15378136776729825,0.22724216645688844,7.988535969646923,18.37588826262396,1.4980376359010568,4.556890609556429,12.937316568844315,13.494292735479842,18.375888262623956,0.013546248227754777,45.89816635564658,0.026041704278553547
r1600_c2000,1600,2000,2d,weibull,,1.015113690208486,,,,0.7320639849854387,0.38289738010244273,9.999992433950645,128437.45732682743,,True,,15220,,7.096274586304764,,,0.1,2.9049490749258315,,,,,0.03433596742064224,0.2765945582234822,7.989262703775693,,,3.9626962287178547,,,,0.019988452951665688,,0.0314828116399232
r2000_c2400,2000,2400,3d,powerlaw,0.9919787014504471,nan,0.13134937528219992,0.09646764271313114,0.7344354893647077,0.49853596920607923,0.5583157242632839,,1119963.9311194248,,True,61.102302128726194,27938,1.7212414024477587,8.153825784770634,176.5091144289957,63.865272763036394,0.1,6.331467203834594,0.01877754139099967,0.1056151855709258,0.07278992555357862,0.18707763222341173,0.05735287216156201,0.11992027906289986,,4.312720567851952,0.9132388230292674,8.135229880494757,2.2863834373326064,232.08471341815797,4.312720567851952,,61.102302128726194,
r2000_c2400,2000,2400,2d,powerlaw,,nan,,,,0.591938042937938,0.613171119661117,,951007.814283381,,True,,15220,,9.88313521461864,,,0.1,7.904687702019023,,,,,0.04839945124279303,0.10878948010757358,,,,7.601527644729854,,,,,,
r2000_c2400,2000,2400,3d,weibull,0.9858245984977365,0.20856007905456547,0.16218109541157105,0.11091297294298799,0.6838834863059801,0.979065225555083,0.5453596223430598,1.0000000058965848,1059650.6081296364,,True,61.767567779278245,27938,1.4390739776661885,10.159956987682818,175.69815718889134,62.38322538913224,0.1,6.158623989389312,0.02199183021261802,0.08319340036468412,0.05232518023019684,0.20553390425981632,0.2060086010095313,0.12340326238798488,0.1697007843050865,4.311033122601397,0.6482811875301341,8.360921985532391,2.7751024428387976,227.71502109377468,4.311033122601397,0.0014100862423345442,61.767567779278245,0.005319939249875818
r2000_c2400,2000,2400,2d,weibull,,0.06648990936655386,,,,0.9164261253529842,0.5617578257354969,1.3200727852519207,923181.371122707,,True,,15220,,9.92234170943182,,,0.1,7.788183758094653,,,,,0.12725666220286386,0.10898067913696055,0.5302596053602017,,,7.288615681916485,,,,0.0011807735706400716,,0.005397939511527453
r2000_c2800,2000,2800,3d,powerlaw,0.9811445461144787,nan,0.257874122519021,0.22036155568243734,0.8545314804364803,0.6055700061440672,0.4119178911871672,,263292.3489209388,,True,73.42417110154793,27938,1.1980817739973562,5.596370373304381,-175.56183007272006,-99.38141034670673,0.1,3.0698804491100775,0.02280791374032877,0.05288016464134924,0.04417335586535232,0.1515147150129778,0.041449127248427246,0.10839440569758578,,3.1320857495892436,0.330505518555372,5.875667514837142,3.7276322967230504,38.3300065056649,3.1320857495892436,,73.42417110154793,
r2000_c2800,2000,2800,2d,powerlaw,,nan,,,,0.724354823792196,0.47262840230497055,,140709.39439254452,,True,,15220,,7.005114844214135,,,0.1,3.0405645007275206,,,,,0.04255919095896454,0.12387775621029543,,,,5.777764803478924,,,,,,
r2000_c2800,2000,2800,3d,weibull,0.9803362702979319,0.16353891427571163,0.20958450827480468,0.1573168328901188,0.7506128873029435,1.1483175031059654,0.4375765883124969,1.4922695253205929,86248.99140273598,,True,71.82359997440815,27938,1.2757630170759597,6.393818608543713,-177.740583468601,-105.30417512656298,0.1,1.7570307251441912,0.011346133518538729,0.03579782921959999,0.044845928778874534,0.14916512947324362,0.21638958589551607,0.11176842888240028,0.7601262452099892,2.058116264122184,0.2430057589710904,5.914149060795003,317.70261369002907,27.299140090192257,2.058116264122184,0.0011452317711785724,71.82359997440815,0.0118064379961919
r2000_c2800,2000,2800,2d,weibull,,0.08351927690604678,,,,1.0970431429659182,0.4313911398860799,1.7181969269400517,67895.09369572134,,True,,15220,,6.603591419756959,,,0.1,2.1120873224846437,,,,,0.09233410753982424,0.10034393502473894,0.4499952735445602,,,5.777136054665551,,,,0.0009967685323135065,,0.011794772775949265
r2000_c3200,2000,3200,3d,powerlaw,0.9824783888607826,nan,0.18325125258006847,0.12785075461296475,0.6976801130300736,0.6204829553369213,0.1854296552700382,,204218.68985875286,,True,84.13478216744582,27938,1.3369025308218907,0.452821185645676,-177.33552183119954,-51.63920427338486,0.1,2.7036476148312394,0.016233722007371186,0.05164168776626906,0.050236221316838546,0.1803819351875809,0.04272452103117728,0.04019496023828223,,2.016917171212309,0.3908596040901899,250.44088498273317,1.8308101627075264,24.581306901414127,2.016917171212309,,84.13478216744582,
r2000_c3200,2000,3200,2d,powerlaw,,nan,,,,0.6887464700322854,0.2204485487400321,,80682.78029801718,,True,,15220,,0.697764280765241,,,0.1,2.3024123254307596,,,,,0.03439964049434562,0.04979030169366252,,,,237.7471810009993,,,,,,
r2000_c3200,2000,3200,3d,weibull,0.9756620968991878,0.2956717889106088,0.2096837202600362,0.14184151034112763,0.6764545676947402,0.8778372116953146,0.21762711406725307,1.000000000000001,165263.0095456046,,True,83.1659248562077,27938,1.1712649860584614,0.43647694154538597,-176.6967295074474,-55.436486552875415,0.1,2.43214897011735,0.023147129196223002,0.05565352160887867,0.05281249652653099,0.20051729414825523,0.15527582402074214,0.04839810836369057,1.784123040850275e-11,1.839604855350995,0.436007149775181,250.39306256414517,1.3925084612449132,26.08224108045449,1.839604855350995,0.0032060790707637305,83.1659248562077,0.010172744567609466
r2000_c3200,2000,3200,2d,weibull,,0.2904825932186833,,,,0.8598111421156611,0.2264776667606282,1.0000000000009515,68660.06155578722,,True,,15220,,0.7129511830080437,,,0.1,2.123952343674146,,,,,0.11972991743468732,0.04544945067367047,1.985761717816805e-12,,,237.7842826285983,,,,0.0029951379312064064,,0.011402652011251626
r2000_c3600,2000,3600,3d,powerlaw,0.9999963998881108,nan,0.0021467614739351785,0.0010042293400724484,0.46778803899047944,0.6661591102675368,0.07188285099524011,,816140.5636206325,,True,85.75960185051599,27938,5.384054869834227,8.562194955557784,-168.1707498051867,-125.30395560914806,0.1,5.404864682061161,0.0060086166059163965,0.10508826555183272,0.06168515108237291,0.18343587209910012,0.07600104732258342,0.02662114175111872,,3.611065558480369,4.746570151328519,1.4351702716799108,3.7658424565875355,6.588085173945188,3.611065558480369,,94.24039814948401,
r2000_c3600,2000,3600,2d,powerlaw,,nan,,,,0.785357457783609,0.10671746686287444,,220515.56854856253,,True,,15220,,8.425289119895952,,,0.1,3.8063813952952184,,,,,0.08256790948766604,0.037333885847047756,,,,1.3599050370367334,,,,,,
r2000_c3600,2000,3600,3d,weibull,0.98297822483543,0.8160246895300056,0.1360977891876996,0.0390745733543432,0.28710659877401395,0.8555460498778346,0.1180222094447766,9.999999999999998,556651.4589498441,,True,83.78747710994466,27938,0.7464799056015647,8.259477417172736,-163.83149398916768,-120.27967029120214,0.1,4.463689936093353,0.027780396809330872,0.14808345852663227,0.05925799174041809,0.28122403627222686,0.09995464729166856,0.03675862818696776,0.12308026112166301,6.875448714428509,39.28563526198983,1.4532189358577974,59.25578627684908,27.20671165133939,6.875448714428509,0.004441914051326724,96.21252289005534,0.01245270117696802
r2000_c3600,2000,3600,2d,weibull,,0.5880186402794154,,,,0.8414873864735648,0.11590141988827925,3.924309786752032,209311.5066460307,,True,,15220,,8.436464827312268,,,0.1,3.708422656194905,,,,,0.08248450287721065,0.037130798838932076,1.8374202012726006,,,1.354832765355189,,,,0.004392639843868406,,0.014432713253617316
r2000_c4000,2000,4000,3d,powerlaw,0.9546589164046736,nan,0.2287442485016464,0.08552481946747871,0.3738883929440663,0.5626200983563526,0.1940469559620331,,933553.282340243,,True,88.60136321894944,27938,0.4913527776146456,6.561697479308081,-175.0506626200329,-105.93545017060228,0.1,5.78058642435309,0.055371867552514095,0.11520407321632112,0.04193194797409697,0.10102843866194254,0.13280057204163295,0.08245700448912983,,1.3456279881360245,0.5626791313669633,1.5941574995782575,2.737501227656298,8.649625339818657,1.3456279881360245,,88.60136321894944,
r2000_c4000,2000,4000,2d,powerlaw,,nan,,,,0.6327683106085613,0.24050818587656053,,834073.4468006033,,True,,15220,,6.670351859169349,,,0.1,7.402779633862525,,,,,0.13355243919637125,0.09838529033631965,,,,1.750476834358189,,,,,,
r2000_c4000,2000,4000,3d,weibull,0.9143645802506846,0.3845664600750872,0.3047801805531587,0.08907895928368367,0.29227280829747665,0.7485158902076166,0.23925959307013595,1.0000000000002196,886655.0528870921,,True,87.79855451011326,27938,-0.04190315617001339,6.6595242260226515,-176.98545421452252,-105.62337644460656,0.1,5.633518050395801,0.0948205731265897,0.13944918643907903,0.039876763053844765,0.13293684710614373,0.16781321409253255,0.08796356180980223,2.7643710955874803e-10,1.178249494865575,0.728799752776081,1.6278812975234542,2.969365840016864,8.674572750600912,1.178249494865575,0.004506494163886806,87.79855451011326,0.009245889499633859
r2000_c4000,2000,4000,2d,weibull,,0.29969836893338003,,,,0.7720644776009691,0.24189499737704115,1.0086203564030105,825756.9216275197,,True,,15220,,6.714577728845628,,,0.1,7.365780710033362,,,,,0.10825205600067238,0.0895811403941897,0.8777020930748529,,,1.496015537304931,,,,0.005221949124460487,,0.008403849838476451
r2400_c1200,2400,1200,3d,powerlaw,0.9509057077952471,nan,0.2368377892919737,0.08578541774865461,0.3622116977409307,0.587336105781736,0.16191647542431947,,585601.8205858928,,True,71.18895698457662,27938,0.4248533678494857,175.72775401645356,-176.7388339438422,-25.31236634509438,0.1,4.578292679064488,0.17146248879035605,0.30106642671865896,0.13279214292035438,0.07735716255317443,0.059290349466489534,0.1489134947715142,,12.310585164440555,0.9406595689572533,2.237026143409319,3.948394688333238,9.940966136729331,12.310585164440555,,71.18895698457662,
r2400_c1200,2400,1200,2d,powerlaw,,nan,,,,0.6688688779439498,0.19652559727894295,,451167.1658709122,,True,,15220,,175.51702603669108,,,0.1,5.444542807054813,,,,,0.06876496016406328,0.1484144689341581,,,,1.845469100971926,,,,,,
r2400_c1200,2400,1200,3d,weibull,0.9116860372429773,0.34503727599662154,0.31522493079785135,0.11010660980200672,0.34929537306367536,0.8565761332036479,0.18414611007008536,1.0000000000003924,544313.450144978,,True,69.27566335156605,27938,0.10263145538764729,175.47682243427641,-175.55815502581072,-26.812031943386806,0.1,4.413944584926696,0.16445862908119527,0.2467129164245417,0.10617534529646606,0.07418995441488409,0.10823008742551835,0.12226657266264682,0.14124276720135132,10.758834844061905,0.6535486987011075,2.0739303141703704,3.792960546706226,10.251132069950687,10.758834844061905,0.010503514517507943,69.27566335156605,0.02394570738409757
r2400_c1200,2400,1200,2d,weibull,,0.2601162642321666,,,,0.8381425805983086,0.2075859162641077,1.4115854394416196,430009.7556589317,,True,,15220,,175.43250659473708,,,0.1,5.315349525859855,,,,,0.07890574025547234,0.12773114867806032,0.8964496722273108,,,1.7201864516874235,,,,0.010603093149364109,,0.02505567371949665
r2400_c1600,2400,1600,3d,powerlaw,0.8201293502287254,nan,0.4437352992449515,0.14410226723935535,0.324748262048469,0.6111167263509099,0.18840200556791226,,114438.28218368412,,True,66.7368956405296,27938,-0.3121779079022291,6.303452962001689,-169.4316382023688,-11.55452822456587,0.1,2.02389514462462,0.30374151516892756,0.3081187609013509,0.11841353939496618,0.05452663399930114,0.0414328806630173,0.1052160015428421,,10.677445162940375,0.621233781897704,1.499735277531362,2.04880301805391,2.2355339035459676,10.677445162940375,,66.7368956405296,
r2400_c1600,2400,1600,2d,powerlaw,,nan,,,,0.6580690670796401,0.2225436323868333,,51293.18444591047,,True,,15220,,6.1908303707665935,,,0.1,1.8357879080900164,,,,,0.04473588943511583,0.09836306455177495,,,,1.5376764113098775,,,,,,
r2400_c1600,2400,1600,3d,weibull,0.820132627279465,2.356971877959861,0.44373140211280854,0.1441012113568649,0.32474873464157145,0.6111165007696552,0.18840164090378023,9.999972460543967,114438.28259666465,,True,66.73683220939385,27938,-0.3121676700443154,6.303456748413514,-169.43161943564027,-11.55454465010271,0.1,2.0238951482764977,0.30676274933049885,0.3105905141412042,0.11654338602000747,0.05371786547720017,0.0627050171622135,0.10301373768479061,10.327084313523496,10.899933027023282,0.637816311357437,1.4982293673369929,2.0413486589628036,2.274495984314667,10.899933027023282,0.03359124668322374,66.73683220939385,0.04103847462301797
r2400_c1600,2400,1600,2d,weibull,,0.8097833571572722,,,,0.7132397993820095,0.22498673973893446,1.0000000000000198,49909.99331793723,,True,,15220,,6.1910771128057815,,,0.1,1.810866479315675,,,,,0.10611427023271576,0.09411047817027836,7.9999999301126286,,,1.533179097458287,,,,0.06090047285356761,,0.035591867241725854
r2400_c2000,2400,2000,3d,powerlaw,0.9732988682920004,nan,0.17200847580321338,0.05445136916015551,0.31656212815030527,0.6142240431954917,0.15658086130488402,,97229.0248223618,,True,62.65276247034521,27938,0.6099757662687257,14.230043336540646,-170.10354332865094,10.170072815777548,0.1,1.8655217140907827,0.35333700074308433,0.5655344134335925,0.19808066882325642,0.08137606495459244,0.07778437193002545,0.1709655409770627,,22.5537252433272,2.352324279701227,2.1669985456210763,3.864627428147505,1.4335030464287386,22.5537252433272,,62.65276247034521,
r2400_c2000,2400,2000,2d,powerlaw,,nan,,,,0.6464218039482605,0.1878912600882175,,60532.04003110865,,True,,15220,,14.02702840541983,,,0.1,1.994276304424952,,,,,0.0497713462061778,0.18526195084766117,,,,2.328817352248639,,,,,,
r2400_c2000,2400,2000,3d,weibull,0.9515285458006426,0.8897884989433277,0.2312334869734283,0.07247099823783246,0.3134104804039923,0.7300855963493909,0.1649269087661813,1.4159644269490772,79554.3922808312,,True,61.70336271991942,27938,0.304085804185116,14.192285157752444,-170.24270952296703,10.038370368375242,0.1,1.6874636436384605,0.37466239752849934,0.5439612465126961,0.18235399786951154,0.06794666256927563,0.07703770872716645,0.15086546107061932,1.4309644356845261,20.80086694689282,1.948985574551164,2.1330612277519228,3.4380181552908313,1.8879172577659196,20.80086694689282,0.004954804136196425,61.70336271991942,0.014586504961025258
r2400_c2000,2400,2000,2d,weibull,,0.2617277304777839,,,,0.8226953818147011,0.20072985572976024,1.3357317009437062,40179.61288709938,,True,,15220,,14.00006327727212,,,0.1,1.6247836788614574,,,,,0.11284589069484699,0.15628170401271765,0.8401143419532063,,,2.2475696584124183,,,,0.004760785790683907,,0.013657827013015194
r2400_c2400,2400,2400,3d,powerlaw,0.9167979171458601,nan,0.359758026217827,0.22454107645140475,0.624144730868212,0.5022928072771685,0.8113218937034464,,254387.35392500364,,True,61.97705452556373,27938,0.5509506259077668,176.53518471369512,-177.54559316686337,-87.247722484544,0.1,3.017519619142173,0.07538541221343832,0.1438050705320478,0.12464950329729899,0.23024789716334826,0.07966474033831271,0.2159238865504721,,2.5434315500885214,0.5199351232044553,164.91328760691135,311.1748117097665,156.35633536163573,2.5434315500885214,,61.97705452556373,
r2400_c2400,2400,2400,2d,powerlaw,,nan,,,,0.5822564359852169,0.9007170883402986,,133137.58897094263,,True,,15220,,173.8588543917628,,,0.1,2.9576243815471424,,,,,0.06664557557605635,0.16337917114337547,,,,196.05983466707093,,,,,,
r2400_c2400,2400,2400,3d,weibull,0.939255119299712,0.12988554489587356,0.28994098402582436,0.15757263864346815,0.543464523212881,0.9853087707214078,0.8680581593097324,1.0000000000001676,191161.00076968782,,True,62.852560348143264,27938,0.6282870308417925,171.20609509557323,-178.43034014114045,-87.67424454573023,0.1,2.6157846760232766,0.04395840439442154,0.09042317977848001,0.06285963752020932,0.19119167057531006,0.1543064569514367,0.1839978043884056,6.24619465440616e-11,2.3989783278619585,0.5589438593918948,76.18233119550996,311.89810633801716,157.63552648744292,2.3989783278619585,0.0018376468797877618,62.852560348143264,0.007506008110311028
r2400_c2400,2400,2400,2d,weibull,,0.05000000000000001,,,,1.0158638646742553,0.8706109353715189,1.0000000000006914,113920.69911447547,,True,,15220,,170.45080651759454,,,0.1,2.7358607857118797,,,,,0.09030769198468483,0.16130216935995198,8.02315973515618e-11,,,157.25314964867854,,,,0.0017446971709472324,,0.007384934804421396
r2400_c2800,2400,2800,3d,powerlaw,0.9645736536465803,nan,0.2693321640080423,0.19615440823194802,0.7282992321187856,0.4557786655612733,0.44578505343128016,,1097856.5332379858,,True,60.14402150525776,27938,0.9947665685866465,157.65106579349816,166.1476672138694,148.59076560673716,0.1,6.268666114890404,0.033884124570593026,0.09330531887923403,0.06551380682468122,0.15603976036828185,0.023041301053739104,0.10376163142230327,,4.7306350885172375,0.4678687512800982,3.1569405206163434,2.9026729901809634,8.962674121168316,4.7306350885172375,,60.14402150525776,
r2400_c2800,2400,2800,2d,powerlaw,,nan,,,,0.5795088243389529,0.5265033359274512,,975852.2582039961,,True,,15220,,157.67673323201893,,,0.1,8.007274362750891,,,,,0.02546456918851401,0.1255878734539896,,,,3.975075267412834,,,,,,
r2400_c2800,2400,2800,3d,weibull,0.9718571720490935,0.10694263449115089,0.23826042072779882,0.17162203365128584,0.7203128120358515,1.104929222814742,0.45431031174227426,1.0000000032906617,1014831.2465371088,,True,60.43358129233499,27938,1.1063212986156294,156.77513649719435,166.94157959021854,141.80888272923193,0.1,6.026973179236791,0.02708160069484134,0.06538382420446531,0.031234371244345315,0.16962071793583752,0.12912880165054139,0.10497317749099777,0.4054157757806623,2.8755594808098683,0.4864776812113265,3.411737788012396,3.411218137302644,11.843189902717693,2.8755594808098683,0.000895214799026468,60.43358129233499,0.009481974114629735
r2400_c2800,2400,2800,2d,weibull,,0.051855151058655326,,,,1.098607940380534,0.48151328258197,1.0000000000000815,934893.47549705,,True,,15220,,157.40899364232067,,,0.1,7.837431141974634,,,,,0.07911397011531086,0.10671716757089678,6.425681744187267e-08,,,3.6670809182915907,,,,0.0011200575117455125,,0.010974710852027015
r2400_c3200,2400,3200,3d,powerlaw,0.9195375242837032,nan,0.3029464411609511,0.11092379306081439,0.3661498469357565,0.6120822699050069,0.15604523479490634,,322464.3474511053,,True,73.40242907246473,27938,0.1894866394298953,171.78415968169995,175.86640790104872,164.1174588854097,0.1,3.3973727255681614,0.04973646582112127,0.1075361943195803,0.08716228455673143,0.15859609867843716,0.06596040644323699,0.06614371415002909,,7.398749833065905,0.24164063034749664,3.2437566793757724,1.8370048472570129,6.070998512925915,7.398749833065905,,73.40242907246473,
r2400_c3200,2400,3200,2d,powerlaw,,nan,,,,0.6443429270100703,0.17636093236643938,,228320.98843033664,,True,,15220,,172.32744470051816,,,0.1,3.8731613706773524,,,,,0.053980918418319826,0.06935302304569821,,,,2.9810138409947595,,,,,,
r2400_c3200,2400,3200,3d,weibull,0.8723622106909331,0.3597364108209164,0.37764455659167034,0.1310306839736951,0.3469682845591034,0.7737831533924014,0.17262561236999377,1.9808540965550776,274693.2700357756,,True,71.60637965890753,27938,-0.08472004995363891,171.78236363590364,176.29165424880432,164.45397306657233,0.1,3.1356411354335805,0.0649323345852615,0.10795930539013376,0.08035464247602041,0.1175875051555557,0.2637821025554961,0.06397843114255622,1.7157517389499364,6.865192535900446,0.19402734813239833,3.087097622334977,1.812561664200988,6.087304546398181,6.865192535900446,0.0072467205375822295,71.60637965890753,0.022524788449587083
r2400_c3200,2400,3200,2d,weibull,,0.24751140716242087,,,,0.8026271457185056,0.19300148282995183,2.442953129007213,191836.1286686113,,True,,15220,,172.31464541427619,,,0.1,3.550241322409836,,,,,0.15617104761558775,0.06084211693623853,1.6396721924730904,,,2.8372760935093018,,,,0.006955615702061607,,0.021570594521150906
r2400_c3600,2400,3600,3d,powerlaw,0.988795358812763,nan,0.18502385102659621,0.1526110806762426,0.8248184211359083,0.46340440206254435,0.15586976848306866,,511036.5827583275,,True,87.96638007678385,27938,1.494678525280885,7.97375557569312,-171.92754355959096,171.44406647899078,0.1,4.2768925425192235,0.019198136789693523,0.11945997471590755,0.08105961749430801,0.12499679348213139,0.030975871537722445,0.08221693116705221,,3.4505297594425017,0.8887774009391437,1.6492333424917807,1.7551853828359527,418.74147449138815,3.4505297594425017,,87.96638007678385,
r2400_c3600,2400,3600,2d,powerlaw,,nan,,,,0.5130084335612801,0.19576393660218092,,305744.1109462888,,True,,15220,,8.135437931620826,,,0.1,4.481998678216019,,,,,0.03345793881809439,0.07670766005330945,,,,1.6867837541035668,,,,,,
r2400_c3600,2400,3600,3d,weibull,0.9734917867027382,0.09708323193642707,0.26250959486674347,0.20870484229898645,0.795037005808989,1.0369908424512095,0.21221067499330903,1.0,402021.44304113684,,True,87.46951673925253,27938,1.108101028521423,8.014611742418635,-171.8502793987156,172.01029208158914,0.1,3.7933852620119817,0.04304862991905744,0.29603364257956954,0.25276995648816636,0.8824986083511892,0.2209425386689579,0.05164365171657626,1.0771947561722721,4.451011604580026,29.213017982098776,1.3611765411798684,67.42802235359399,442.18084514507717,5.3326851041887435,0.0029990099832503296,87.46951673925253,0.010126850002986562
r2400_c3600,2400,3600,2d,weibull,,0.1299805276316342,,,,0.8688941566244084,0.21593573727381862,1.6632501528877748,229140.6718087612,,True,,15220,,8.12492306136845,,,0.1,3.880107560188355,,,,,0.060935338585987056,0.05613363471070954,0.6793864022671079,,,1.481598937099393,,,,0.0020647518875526105,,0.0093836891609931
r2400_c4000,2400,4000,3d,powerlaw,0.9975636498645409,nan,0.11031234877033307,0.09877364910341435,0.8953997463063548,0.5684052776609229,0.1099260058112219,,658137.1117727879,,True,89.37466435648834,27938,2.093954386270683,14.420017562245846,-165.5390855418211,-73.91335274678413,0.1,4.853561466391334,0.0033440990906997183,0.016320815864170543,0.015352429530702948,0.12580948186508276,0.05046829829067859,0.01562595098585323,,1.3541216315266742,0.24394909736545745,1.5501014107234998,1.5465406877633274,197.17125688733722,1.3541216315266742,,89.37466435648834,
r2400_c4000,2400,4000,2d,powerlaw,,nan,,,,0.6039998617905145,0.11904733382725448,,489636.8508974039,,True,,15220,,14.326961552571142,,,0.1,5.671915104488364,,,,,0.045984809817851954,0.016980010049924894,,,,1.550329023922579,,,,,,
r2400_c4000,2400,4000,3d,weibull,0.9967993931997838,0.22353883869443691,0.16201498351991295,0.15206003198070459,0.9385553649241041,0.949009650022787,0.15690286215197033,1.0000000000487042,592317.1390881307,,True,89.24936163038791,27938,1.756653025460702,14.408547994680946,-165.54315904196923,-42.53824266094834,0.1,4.6044683618961155,0.008953908503539774,0.023407886159296187,0.02398434698532659,0.1486811172311248,0.06138292669476701,0.015727721302330522,0.350022005974883,1.5901298688224792,0.270288557273405,1.5395819490903253,1.5426681866443273,321.5107030816255,2.2138361463352845,0.001777113233624889,89.24936163038791,0.009295552970824432
r2400_c4000,2400,4000,2d,weibull,,0.22718439323874617,,,,0.8830515880965815,0.15557611014540323,2.23539623592275,406008.17123675847,,True,,15220,,14.382445325770496,,,0.1,5.164877921557922,,,,,0.05344406281504666,0.016169817691688803,0.8319274006954631,,,1.513058105657636,,,,0.0010258630305349135,,0.007635705052086307
r2400_c4400,2400,4400,3d,powerlaw,0.9838658570174555,nan,0.1382868929112752,0.05511932098957434,0.39858673392089927,0.7029056177479728,0.13875415414649803,,2383802.305952035,,True,89.36629026012834,27938,1.0585946642375346,12.798135361881219,-167.45831011127967,-85.55007432434952,0.1,9.237138624693035,0.02066567589771735,0.0919607364030254,0.06557050137801979,0.1697308247982585,0.03695384945463088,0.10708293391194737,,2.0281623927003647,0.33514094574800846,2.4603805699845465,2.5906055402712815,5.066023743838133,2.0281623927003647,,90.63370973987166,
r2400_c4400,2400,4400,2d,powerlaw,,nan,,,,0.7222809523168358,0.1480886926236472,,1837671.5427819537,,True,,15220,,12.77361773394482,,,0.1,10.988201601135557,,,,,0.038465031180309216,0.10709610373288674,,,,2.4439271691123117,,,,,,
r2400_c4400,2400,4400,3d,weibull,0.9799718776781075,2.0568391883716055,0.1529059718722234,0.05848608859662196,0.382497085499683,0.7641760435648824,0.15292684619594954,1.0000000000036875,2376054.703049112,,True,89.32349569709604,27938,0.9168978640843004,12.806805347304618,-167.50922579084866,-85.32575907356716,0.1,9.222115582410856,0.0334910345851557,0.18477052625761042,0.09439244777557786,0.4631352684767583,0.10811566671017835,0.11069219520770016,0.6097575164352572,2.2645296685493976,24.045253009203645,2.468152620217916,301.02383972612927,7.40531980559104,2.429238071781867,0.029222155369138577,90.67650430290396,0.03006578369702177
r2400_c4400,2400,4400,2d,weibull,,0.35619670160473266,,,,0.827897591542217,0.16237670943904936,2.837333484752553,1815023.8014632366,,True,,15220,,12.830771914669295,,,0.1,10.920281561086501,,,,,0.032799259502617514,0.10008047497270892,0.9035714720957991,,,2.4891942544284373,,,,0.0012352067228704733,,0.008967842249782742
r2400_c800,2400,800,3d,powerlaw,0.9472959860695046,nan,0.24452265534751721,0.08649639767872268,0.35373572054414926,0.4560096994435889,0.13191500853568994,,1002945.5552815052,,True,74.21747170500319,27938,0.3692421176594767,173.3030194118208,176.65256885199184,166.3170067363096,0.1,5.991575310720986,0.1771760688141344,0.2918450990338914,0.13076038844319396,0.08031376567596273,0.04131509489051632,0.10983152106186078,,2.1861646625483617,0.8485472377500126,1.69819047969638,1.6978575425739555,5.264664483827449,2.1861646625483617,,74.21747170500319,
r2400_c800,2400,800,2d,powerlaw,,nan,,,,0.5050574262681564,0.1555927325048484,,757984.969677093,,True,,15220,,173.23595773012252,,,0.1,7.057046364828645,,,,,0.04715359401620324,0.10431334449021994,,,,1.692987265754232,,,,,,
r2400_c800,2400,800,3d,weibull,0.8703829536282514,0.2615536809830872,0.378870285159694,0.12648892350155327,0.33385812626671985,0.699197303426241,0.16403262010737113,1.8066018468918505,926663.2675937281,,True,71.76831128990256,27938,-0.12647775990518362,173.3006023817085,177.1218705454994,166.76347878600654,0.1,5.759215343376567,0.16043453358528792,0.20879195566872508,0.08766678446981462,0.062376503143322506,0.18550204812125115,0.07596241544661131,2.4529960147895107,1.908043365672617,0.5157494164518994,1.6855929499248778,1.9911044749292988,4.64584399916958,1.908043365672617,0.0023500886358547176,71.76831128990256,0.0060108812070134255
r2400_c800,2400,800,2d,weibull,,0.20655469728896467,,,,0.7007755816943257,0.18533832790105717,3.702275411353471,694678.4217962223,,True,,15220,,173.252094568789,,,0.1,6.755921244783544,,,,,0.056222614896813,0.0694047205320192,3.2940977545169705,,,1.7077965577335597,,,,0.002405857286002419,,0.006044984278728527
r2800_c1200,2800,1200,3d,powerlaw,0.9940338463329887,nan,0.11613784383388745,0.08698845287785385,0.7490104001093207,0.7238990868330214,0.26804820533310936,,472621.10971568996,,True,73.68725042098644,27938,1.8639750742080334,178.12457291588433,-177.414220499608,-38.498730529435,0.1,4.113001816192028,0.006062525278995687,0.058644341235960996,0.0491265969770361,0.0536634517492223,0.05691795584312836,0.06151470633598396,,4.467776830657983,0.3992529436821521,1.40446821459825,1.4896402486202966,146.88902703832971,4.467776830657983,,73.68725042098644,
r2800_c1200,2800,1200,2d,powerlaw,,nan,,,,0.7158095214325836,0.26952984481882114,,424533.46422125754,,True,,15220,,178.1809755574021,,,0.1,5.281394861529864,,,,,0.05179497022673128,0.06584142889512776,,,,1.16607404301986,,,,,,
r2800_c1200,2800,1200,3d,weibull,0.9915759209277691,0.6575186761000297,0.13277041152813687,0.09634363610334139,0.7256408637622105,0.9304566718103865,0.2766121299917485,1.0000000000000038,452163.3099522354,,True,72.8079850652934,27938,1.6984338069581182,177.9639914886441,-176.98241009224864,-37.27648956281751,0.1,4.022999727523471,0.006386810524848851,0.052710035934868865,0.0443517367379046,0.05436231633753601,0.07229062112869988,0.05804514980090523,7.336178414814758e-13,4.191856124968944,0.30569962524974836,1.426323493787716,1.3645614691767605,16.88581608344863,4.191856124968944,0.010167013651957393,72.8079850652934,0.03505458428368626
r2800_c1200,2800,1200,2d,weibull,,0.166727454202343,,,,0.991272367260053,0.2701310526329166,1.0,398623.9381503006,,True,,15220,,178.24769858641326,,,0.1,5.117694550592128,,,,,0.05019955002699455,0.05545735166642876,1.0597477689367224e-12,,,1.1142402581327024,,,,0.007922814277091926,,0.02720031985456731
r2800_c1600,2800,1600,3d,powerlaw,0.9781788734401836,nan,0.20223198871238143,0.13965031654543014,0.6905451379605615,0.5348108242024863,0.25437075645818985,,213145.54365622718,,True,73.8445384493824,27938,1.228065843278559,13.469427240185974,-170.37176764986958,-154.43610651982777,0.1,2.762106831578468,0.04207830389968522,0.13829433136769276,0.08074833036333463,0.14759546282552297,0.03913476637291812,0.05208833025034693,,2.4496466439868616,0.8399562333485967,1.3954736940654524,2.0582058193993014,147.23595207414132,2.4496466439868616,,73.8445384493824,
r2800_c1600,2800,1600,2d,powerlaw,,nan,,,,0.6120335300732206,0.30583141461239904,,147075.9405684523,,True,,15220,,13.56672979325007,,,0.1,3.1085903250030418,,,,,0.03747679487599291,0.05956978402095669,,,,1.4787918946512701,,,,,,
r2800_c1600,2800,1600,3d,weibull,0.972969072145064,0.1451933377443569,0.21857057451627443,0.14600830454986882,0.6680144611094356,1.1155903961549616,0.2793054878291654,1.0000000000000229,110701.05466100926,,True,71.26817130766767,27938,1.1172008637880895,13.513210849129676,-171.35444981084936,-153.97775535641716,0.1,1.990573521119282,0.05434280314342709,0.1252662844075455,0.04743536521136197,0.16383374215518512,0.18507792113689714,0.04233839659934644,2.4826711678744746e-11,3.2301771648507795,0.749462449067608,1.3863155028139282,2.124847368216569,146.51558252768385,3.2301771648507795,0.0017803947009109157,71.26817130766767,0.014448229940674852
r2800_c1600,2800,1600,2d,weibull,,0.07697650570438008,,,,1.154224371914785,0.29638538015028393,1.0000000000003082,77872.2795318616,,True,,15220,,13.29789453253913,,,0.1,2.2619558177985937,,,,,0.15843896057814905,0.0397273777991706,2.746937171780034e-12,,,1.3403680701943144,,,,0.0019026149551757373,,0.014790902419141482
r2800_c2000,2800,2000,3d,powerlaw,0.8697994401706854,nan,0.43647202208029734,0.2633147934282989,0.6032798899074845,0.6734397615742292,0.4070080677840576,,421058.7012091998,,True,56.652323919561105,27938,0.3236569742150168,17.648667758785788,-168.06875784875368,13.694287700547433,0.1,3.8821621117538534,0.10208619643539145,0.1636389312892414,0.08959050461066781,0.06899119631084251,0.07266468500052305,0.06626580511449681,,6.120005083476248,0.483506508154805,6.011949142792416,2.0327750795101927,12.62965724192794,6.120005083476248,,56.652323919561105,
r2800_c2000,2800,2000,2d,powerlaw,,nan,,,,0.7781353299495678,0.463602858455975,,280459.8966268354,,True,,15220,,18.85183029884635,,,0.1,4.292675488931621,,,,,0.06993248217425375,0.06337044771852347,,,,6.654022420994516,,,,,,
r2800_c2000,2800,2000,3d,weibull,0.8809435917973352,0.1819810311631483,0.41814955293421,0.25166012453799425,0.6018423857494579,0.9616373387983125,0.396180181790151,1.0,394103.9378544061,,True,57.41658648010696,27938,0.36415644266140745,16.975081572651316,-168.53159734724287,13.564494158437258,0.1,3.755845601848401,0.08755136959285935,0.14492585655872825,0.08091170524216294,0.07181094938656737,0.07726408557159903,0.06490126724441943,2.3326997279299797e-13,5.775189428887881,0.4424796765178793,5.707555293360618,1.6884764716170442,13.521561939417495,5.775189428887881,0.020197044863036796,57.41658648010696,0.05856854717303039
r2800_c2000,2800,2000,2d,weibull,,0.11176407407805934,,,,1.0694925458687967,0.4455837446692931,1.000000000000085,261169.4697702902,,True,,15220,,17.98930712266067,,,0.1,4.1424175920094495,,,,,0.08521838571182809,0.0643024831002012,9.330648789993588e-11,,,6.409339007808962,,,,0.023035135491733378,,0.06549891627223081
r2800_c2400,2800,2400,3d,powerlaw,0.934881564082768,nan,0.33878402478343006,0.2304667903229224,0.6802764400424425,0.7179488305606408,0.491410559141464,,108424.7980690974,,True,56.39480787217789,27938,0.6971364357185728,178.15823123936107,164.94965143505746,-143.45978165723193,0.1,1.9700019429261233,0.10595274681806122,0.17551186291701804,0.10746892033465116,0.16932650934392482,0.06181774901700312,0.1005226103751558,,3.438596373059867,0.6191264427287924,204.80594620640125,5.202236856209075,15.663812485561046,3.438596373059867,,56.39480787217789,
r2800_c2400,2800,2400,2d,powerlaw,,nan,,,,0.7888882749477645,0.5621580536312756,,46988.07504812335,,True,,15220,,177.15307885278705,,,0.1,1.7570596303355084,,,,,0.07963326598794428,0.08862986773014928,,,,204.91127182465405,,,,,,
r2800_c2400,2800,2400,3d,weibull,0.9383007197973517,0.3986070444532609,0.3295315651446404,0.22355135090757172,0.6783913122539534,0.8636696402192721,0.49191347601452434,1.0000000000000036,101056.48587684991,,True,56.3775431564034,27938,0.7220521317113704,178.19776937872876,164.64356367756562,-142.5641206316872,0.1,1.9018858159692729,0.10435825411319352,0.16872881651660518,0.09200819690022172,0.17469541629602184,0.14108095089143144,0.10012658681651317,3.4635296273298443e-12,3.6982898991343784,0.6373326013445724,204.8102216018661,5.279195729898515,16.293161285175145,3.6982898991343784,0.08791158951217017,56.3775431564034,0.14356512712770617
r2800_c2400,2800,2400,2d,weibull,,0.17257368360882852,,,,0.9402597793213345,0.5549956742564528,1.0000000000000002,42162.93876468455,,True,,15220,,176.98085265733667,,,0.1,1.6644015463628725,,,,,0.0997827097159583,0.08312047092675014,1.0107162558209594e-12,,,204.9138465564964,,,,0.09038852308213538,,0.15155241117089857
r2800_c2800,2800,2800,3d,powerlaw,0.8498556681095256,nan,0.44095503161808924,0.2283045721804952,0.5177502371222052,0.5992069021911451,0.4389633604623947,,87737.70695965973,,True,41.945586922416524,27938,0.16055005713383608,147.69114612690197,164.09130845558684,155.63436957712506,0.1,1.7721296152288912,0.13323475466151138,0.1555616545324099,0.05869760736881893,0.12277435275692823,0.047360776463133844,0.11459921224209334,,6.374243803137901,0.5270195015061575,4.576139874699101,9.044127444127229,237.0386139618633,6.374243803137901,,41.945586922416524,
r2800_c2800,2800,2800,2d,powerlaw,,nan,,,,0.6192373461926594,0.4526549363899688,,62955.18613799078,,True,,15220,,147.25603320755377,,,0.1,2.033800875499381,,,,,0.046111049459461415,0.11777828946305992,,,,4.75163746631883,,,,,,
r2800_c2800,2800,2800,3d,weibull,0.8486132516271031,0.2805031142171587,0.439282504760221,0.22136029138252544,0.5039132881091025,0.7721453433471889,0.4274186236610417,1.0000000000056792,76134.31665403745,,True,41.614644904992886,27938,0.13726148094522372,148.09174477023268,164.3249758226709,-23.79047772514586,0.1,1.65079281714007,0.12947054563615995,0.14913518481717164,0.04903183184262522,0.12033058440171589,0.07182182761308194,0.11126544374890118,2.889497952980263e-12,6.011632522681871,0.5277437303945187,4.317044383506479,8.69614142670455,161.61634544058944,6.011632522681871,0.008861923846170365,41.614644904992886,0.03649205563586108
r2800_c2800,2800,2800,2d,weibull,,0.13743770004500877,,,,0.8057533450453156,0.442087915841183,1.0,54718.99244496969,,True,,15220,,147.86845984550632,,,0.1,1.8961021024673026,,,,,0.06227396000211338,0.11369195298740106,0.03631662968593428,,,4.352547146586934,,,,0.009357280940473126,,0.03670216402203086
r2800_c3200,2800,3200,3d,powerlaw,0.9848289204443395,nan,0.13500185956851912,0.0556908902711639,0.4125194308371614,0.5279960125875984,0.28444019911707435,,119698.81993447596,,True,50.943912753445325,27938,1.116994756799928,165.48847161488956,178.0919492465913,158.0887104282001,0.1,2.0698900550041635,0.05095750548038392,0.17398158830332958,0.0893012637490273,0.08544684649405151,0.030541572457028265,0.07870710964135902,,2.7028264084735025,0.8710995447141159,4.111973003227412,1.8128033358492412,6.401961431913105,2.7028264084735025,,50.943912753445325,
r2800_c3200,2800,3200,2d,powerlaw,,nan,,,,0.5677725720823852,0.3154411572329965,,73178.77990651569,,True,,15220,,164.98377821211355,,,0.1,2.192730492089847,,,,,0.023441561716843105,0.08851610538881163,,,,4.7431328682373985,,,,,,
r2800_c3200,2800,3200,3d,weibull,0.9514237065560714,0.3592645503341108,0.23853786555614895,0.0935361671157398,0.3921229315004603,0.8084699627173162,0.27969740488161615,1.5835435069882,42556.28617431133,,True,50.36940083699923,27938,0.4970473282334158,165.39334262741494,178.28228687268015,158.26310191323228,0.1,1.2341961969228372,0.05737913078708338,0.1317644599931981,0.06858004004670677,0.07073586890978481,0.1511585585407926,0.06952172902846747,0.7857681060951353,2.5610409982181266,0.400328561587931,4.238805678686945,1.6544580070133919,6.549610091121539,2.5610409982181266,0.002592245582034509,50.36940083699923,0.012969699562788244
r2800_c3200,2800,3200,2d,weibull,,0.11076100648838576,,,,0.8655073323278122,0.31066142107691874,1.6434118214512043,19866.470428342604,,True,,15220,,164.91867766965586,,,0.1,1.1424916412609,,,,,0.13606694015566287,0.07253890905955507,0.7536426905984016,,,4.584180563458237,,,,0.002684105674594622,,0.0128920774349545
r2800_c3600,2800,3600,3d,powerlaw,0.9963516872976876,nan,0.17782089549718527,0.16755411752224517,0.9422633771681652,0.5517261316606202,0.5263383276808313,,71735.40198740651,,True,57.58110567857369,27938,1.6675079904382004,174.0388722137424,173.19271800628565,-169.63667094823873,0.1,1.602393267749919,0.0037126526142669068,0.04277927373931576,0.044244454845643225,0.06107530000627901,0.04151269588631698,0.061599488787525455,,3.2591580669861884,0.24378605923968016,7.647532834099834,2.2131265198974734,376.71458288378005,3.2591580669861884,,57.58110567857369,
r2800_c3600,2800,3600,2d,powerlaw,,nan,,,,0.5957904268703066,0.572011884890217,,44619.652653740384,,True,,15220,,171.98183733264315,,,0.1,1.7122050213302016,,,,,0.03561712914897007,0.050223399284520284,,,,7.757005159014818,,,,,,
r2800_c3600,2800,3600,3d,weibull,0.9953598252219449,0.20246969528423733,0.1858580525769872,0.17332756017574147,0.9325803093946909,0.9361301533857544,0.522592561978266,1.0000000000000224,34644.27346956277,,True,57.45996317928424,27938,1.6129720463133896,173.10568418204906,173.34871793377948,177.47666368299926,0.1,1.1135714107151886,0.0052166810077772345,0.024946473503813776,0.031996142142154724,0.08325349131880976,0.07182066798831807,0.05790735010819786,1.508083061010505e-11,3.343853592713119,0.13730466489379034,7.600128300647997,2.173066233781023,456.8102208802059,3.343853592713119,0.0013247008535593073,57.45996317928424,0.005978598611055251
r2800_c3600,2800,3600,2d,weibull,,0.06058709429164451,,,,0.9883478710253016,0.5427957794206817,1.0000000000019857,20277.72732687019,,True,,15220,,171.55578831572,,,0.1,1.1542564583064123,,,,,0.08613658711062962,0.04300617434828696,1.5433042646985642e-12,,,6.996711899438508,,,,0.0013065235322888796,,0.005865087399313247
r2800_c400,2800,400,3d,powerlaw,0.9832931192953649,nan,0.1377198224454113,0.04794022986625499,0.34809970718091293,0.6239055764620616,0.1766948081679101,,220521.45990081335,,True,69.05192990281971,27938,0.9272676043984216,163.36591125412897,175.6875175153472,144.47179483785217,0.1,2.809491826500518,0.050215558969981346,0.17606038474588684,0.06234193106517746,0.055267303634013144,0.05050875293907567,0.028856841598500046,,1.595291648640746,1.3130156633044283,1.9264610519228889,1.3785244126648883,6.212460001378304,1.595291648640746,,69.05192990281971,
r2800_c400,2800,400,2d,powerlaw,,nan,,,,0.6907673691178933,0.23526889756333969,,135333.71696139028,,True,,15220,,163.54478938262565,,,0.1,2.981917877597883,,,,,0.041218493279590276,0.03245051005878576,,,,1.7507262120840452,,,,,,
r2800_c400,2800,400,3d,weibull,0.9183583249773285,0.374699096213432,0.3008938859479588,0.09841878833666944,0.32708802981025503,0.8798799659751871,0.20447988253982355,1.869289061459872,130838.6486594919,,True,66.72060990297479,27938,0.08347167476724238,163.16081135351163,177.52604021325874,143.74694478888466,0.1,2.1640653355567894,0.0875271128489209,0.1536233370187434,0.04736966730386413,0.045868793296357804,0.038202970113213434,0.027715117741615693,0.5344180700542256,1.6315673944280573,0.5848890525423281,1.929317518338112,1.4961079006289564,6.621707212135752,1.6315673944280573,0.0024348064900662787,66.72060990297479,0.013235989674030404
r2800_c400,2800,400,2d,weibull,,0.1788686155456946,,,,0.90586443553271,0.24397577308232848,2.2152686609706516,81739.9925015,,True,,15220,,163.52025063437824,,,0.1,2.3174478534193605,,,,,0.030478107606012605,0.026248454615393355,0.7009923256654221,,,1.7207617001692392,,,,0.001915438005551619,,0.012844789334991806
r2800_c800,2800,800,3d,powerlaw,0.9455480086564557,nan,0.2767665208633828,0.15304624482373697,0.5529796174273676,0.5738380078764351,0.36245513760644577,,168681.4226858738,,True,68.12131218543368,27938,0.6921468768743688,169.57374797609157,-176.7942548942769,-48.12709299433972,0.1,2.4571743385524325,0.06152646932034826,0.15914034859791243,0.09511634271776906,0.07071590032905369,0.034660159657206334,0.05355873493279044,,2.3316770729239575,0.5899885299936832,4.859490011605422,1.7547953666380787,9.469981162693767,2.3316770729239575,,68.12131218543368,
r2800_c800,2800,800,2d,powerlaw,,nan,,,,0.6473004763324558,0.4018449332513168,,115330.19851181119,,True,,15220,,170.45149231561933,,,0.1,2.7527336611423228,,,,,0.03324677131905954,0.052985834385276785,,,,5.184112337951148,,,,,,
r2800_c800,2800,800,3d,weibull,0.9473290468801879,0.17071237512194842,0.26927926627894105,0.14471863514430036,0.53742955090493,1.035869060534419,0.36599904920243803,1.0000000000000058,96715.74673343683,,True,66.81375386356295,27938,0.6910486776404188,170.10013785276405,-174.9198860897863,-48.06350132948512,0.1,1.8605910954524487,0.044089391989980097,0.10878609469464702,0.06111531183862563,0.0749710432452538,0.14346665646537451,0.04579586256349451,4.398253695267565e-13,1.9386756026397056,0.43698199527047915,5.288901730130589,1.9450357233104862,9.482157482948766,1.9386756026397056,0.0022598449989812614,66.81375386356295,0.017578424391058556
r2800_c800,2800,800,2d,weibull,,0.07072948060477038,,,,1.1395844912354218,0.37629517074348007,1.0000000000000127,66639.07211662296,,True,,15220,,171.94546280355755,,,0.1,2.0924599025860804,,,,,0.10531291509588554,0.04447996040534061,4.467655194982324e-11,,,4.9565595406122975,,,,0.00253247699659411,,0.017124803193680194
r3200_c2000,3200,2000,3d,powerlaw,0.5955296838172544,nan,0.6432878414994715,0.1252937093238473,0.19477083389574723,0.5957921557512375,0.1925730668431437,,4450757.737547862,,True,14.30515045181565,27938,-1.1947686213644473,5.885962790414863,164.22027085594556,22.320615155988452,0.1,12.621742659833451,0.45754687837558145,0.39929716764658973,0.032020609990020536,0.2195795663624605,0.04434709846210202,0.22939318005809586,,32.764889785598626,1.545819121700505,3.0207087148602465,96.99446315572621,121.58958536947296,32.764889785598626,,14.305150451815644,
r3200_c2000,3200,2000,2d,powerlaw,,nan,,,,0.6802147565646526,0.20931816357252814,,4051675.516101065,,True,,15220,,5.464603361548026,,,0.1,16.31586120757588,,,,,0.08468805260303666,0.204305954573073,,,,2.8512327511383755,,,,,,
r3200_c2000,3200,2000,3d,weibull,0.5955686440707851,2.260584059404659,0.6432573173745849,0.1252875310877119,0.19477047163499864,0.5957867370451363,0.19257328050981995,9.999999924742148,4450757.780491117,,True,14.303252603694773,27938,-1.1947230299920446,5.8858482937279755,164.21834829525795,22.322290875619935,0.1,12.621742720724061,0.4576349055666084,0.39937119787684405,0.03201036618552076,0.2195636709487535,0.04435873526816115,0.2293718683757812,0.009174404814117047,32.75305890455446,1.5458526840643216,3.020289099486014,96.99557617380086,121.58805759676218,32.75305890455446,0.00452411983621878,14.303252603694766,0.010365400674822306
r3200_c2000,3200,2000,2d,weibull,,1.2450205028419197,,,,0.6802143232485616,0.20932075208969395,9.995581463387303,4051675.533217554,,True,,15220,,5.464458575838494,,,0.1,16.315861242039432,,,,,0.08468727529986185,0.2043008404241856,2.0231374629479077,,,2.85122956814651,,,,0.007969535560491238,,0.013672039354792853
r3200_c2400,3200,2400,3d,powerlaw,0.9164770851085636,nan,0.2921241563712997,0.04448472267310471,0.1522801921815843,0.6164278366339716,0.07176379046757994,,2791654.037552537,,True,67.3280136761956,27938,-0.6514567114104866,179.8671973579493,178.70702344825165,-176.93683862447892,0.1,9.996158682273569,0.4588910546837681,0.616542934856895,0.11156928939350677,0.10617814923313422,0.08024979258833702,0.19412068421232428,,54.9240956863232,4.8270156840740555,158.35555245677668,7.141755388975466,6.375659718417674,54.924095686323206,,67.3280136761956,
r3200_c2400,3200,2400,2d,powerlaw,,nan,,,,0.6949350168453959,0.08762389873433254,,2477464.632152127,,True,,15220,,0.13309266813128942,,,0.1,12.758405624153905,,,,,0.06712007473427942,0.17794499251093593,,,,210.12858217158745,,,,,,
r3200_c2400,3200,2400,3d,weibull,0.9164659311694825,4.568720969794215,0.29214328405740814,0.0444852600614402,0.15227206131049906,0.6164289139646616,0.07176354181898234,9.999407620506444,2791654.048286425,,True,67.32688580885663,27938,-0.6515755827737797,179.8672736392329,178.7071860694933,-176.93721797658935,0.1,9.996158701491145,0.46080482125010785,0.6123491550502483,0.11215491119362891,0.10500770439216307,0.08202247660005225,0.19289873397457014,4.299838538186235,54.753184696159565,3.626730575247762,158.35218873712435,6.943774569006093,6.244013328062704,54.753184696159565,0.011202140617902607,67.32688580885663,0.02326271777173907
r3200_c2400,3200,2400,2d,weibull,,0.7538176399628705,,,,0.7339746760927434,0.09528502909229726,4.213996681232793,2471348.6672925195,,True,,15220,,0.13027323940233823,,,0.1,12.742647946743507,,,,,0.06685360050628485,0.17165951706690183,2.502263164840441,,,210.1078721278218,,,,0.005954847338239712,,0.0150440110036858
r3200_c2800,3200,2800,3d,powerlaw,0.49647679206853107,nan,0.7141530743093247,0.11434571575582911,0.16011373453291608,0.5364316357850812,0.1160539662156205,,249097.8979171423,,True,79.8056318779622,27938,-1.4952129256134743,172.59336951052128,172.56630868039096,-179.84519454779127,0.1,2.985983302308384,0.5337988058892416,0.3765807576184218,0.07332813978404724,0.06877705294941121,0.07769961261840708,0.12876506766059076,,69.01986257965558,0.7121341313228158,1.8598659711960344,330.3753976389029,415.9246897733396,73.388745738448,,79.8056318779622,
r3200_c2800,3200,2800,2d,powerlaw,,nan,,,,0.5718807933551262,0.13506082683477816,,136975.27969701999,,True,,15220,,172.1759483150488,,,0.1,2.999948309859331,,,,,0.07662975639832362,0.13264517631870654,,,,2.0944299480226825,,,,,,
r3200_c2800,3200,2800,3d,weibull,0.48412838454091983,0.8485734759729447,0.7228548780705368,0.11717928311281336,0.16210623552211667,0.5496792514610616,0.11887616743714657,3.238909214316228,248156.09669614618,,True,79.70866742705584,27938,-1.4949565849833801,172.57755884409482,172.55289925534623,-179.860248004909,0.1,2.980333182600463,0.5200145092300938,0.3624354611451559,0.07397098471094754,0.06715643367667744,0.055319975313294585,0.1267004067542069,6.450088218143466,68.76689216544196,0.6551462076483974,1.8267945761127284,330.3603777961951,415.92842269956657,73.34263261522882,0.003387786411649232,79.70866742705584,0.00737470210140898
r3200_c2800,3200,2800,2d,weibull,,0.7481409437671366,,,,0.6166262270407553,0.14126921505614115,1.5638328372857688,134828.7686235556,,True,,15220,,172.14279388045424,,,0.1,2.97634971010079,,,,,0.05964209881590748,0.12508699748977042,7.394827060096142,,,2.0267181136399373,,,,0.003454606668406466,,0.00823585254161803
r3200_c800,3200,800,3d,powerlaw,0.9982635408907803,nan,0.05263654498960768,0.03218610937128614,0.6114783821324294,0.5697829731002473,0.6596067337454711,,199167.65028091922,,True,64.8007706000014,27938,2.452468952139679,14.7947750636818,-175.67166412419013,-98.71584988786604,0.1,2.670002963227255,0.046102923734723036,0.30008150180627513,0.24460665569016396,0.26758872441094517,0.051974345334825874,0.17564650995530318,,4.11199300552612,2.269404694981149,13.574648610613608,2.3645930657377625,5.830332597201793,4.11199300552612,,64.8007706000014,
r3200_c800,3200,800,2d,powerlaw,,nan,,,,0.5717551289574097,0.6252895941952165,,73994.9425023983,,True,,15220,,13.237481584301538,,,0.1,2.204924343420912,,,,,0.04267855249975829,0.09239528838071902,,,,10.006650635825112,,,,,,
r3200_c800,3200,800,3d,weibull,0.9950956198726975,0.8032203519174215,0.08703313999726268,0.05180297744607677,0.5952097953458424,0.8146441538497755,0.675931140561532,1.000000000001825,171834.09563195385,,True,64.61317406422219,27938,1.9226249749858084,16.5224748751327,-175.85364050894887,-99.09087912682953,0.1,2.4800304563073343,0.0394170983722768,0.22884609492730168,0.18123212589414137,0.22957882028231685,0.2051986781319308,0.16572613888490076,7.990466478512994,3.1385564373366717,1.3731750518451769,14.692299634084316,1.8244453064548716,6.606769274006101,3.1385564373366717,0.002300889415982239,64.61317406422219,0.0069713788504420626
r3200_c800,3200,800,2d,weibull,,0.06471102322786465,,,,0.8912004408324817,0.5957390214300714,1.0000000000109712,58645.593283430164,,True,,15220,,12.002444635758339,,,0.1,1.962955100247262,,,,,0.17009875678109068,0.07861323032462844,3.6878673177947813e-11,,,8.093359848045312,,,,0.0008525054406796153,,0.005396882216524179
